DATETIME,TOTALDEMAND
2021-01-01 00:00:00,6437.8633
2021-01-01 00:30:00,6304.4443
2021-01-01 01:00:00,6124.422
2021-01-01 01:30:00,5918.9385
2021-01-01 02:00:00,5822.794
2021-01-01 02:30:00,5782.511
2021-01-01 03:00:00,5769.084
2021-01-01 03:30:00,5776.415
2021-01-01 04:00:00,5811.0156
2021-01-01 04:30:00,5897.4287
2021-01-01 05:00:00,6005.2285
2021-01-01 05:30:00,6226.0186
2021-01-01 06:00:00,6329.497
2021-01-01 06:30:00,6399.59
2021-01-01 07:00:00,6501.9775
2021-01-01 07:30:00,6543.6104
2021-01-01 08:00:00,6552.4653
2021-01-01 08:30:00,6544.665
2021-01-01 09:00:00,6556.597
2021-01-01 09:30:00,6498.41
2021-01-01 10:00:00,6386.66
2021-01-01 10:30:00,6312.8857
2021-01-01 11:00:00,6265.777
2021-01-01 11:30:00,6205.5386
2021-01-01 12:00:00,6188.26
2021-01-01 12:30:00,6163.9775
2021-01-01 13:00:00,6148.2764
2021-01-01 13:30:00,6143.835
2021-01-01 14:00:00,6136.899
2021-01-01 14:30:00,6183.273
2021-01-01 15:00:00,6214.6885
2021-01-01 15:30:00,6256.388
2021-01-01 16:00:00,6339.5977
2021-01-01 16:30:00,6443.5806
2021-01-01 17:00:00,6574.3823
2021-01-01 17:30:00,6652.019
2021-01-01 18:00:00,6724.7837
2021-01-01 18:30:00,6730.203
2021-01-01 19:00:00,6695.003
2021-01-01 19:30:00,6747.234
2021-01-01 20:00:00,6748.858
2021-01-01 20:30:00,6762.9644
2021-01-01 21:00:00,6783.1313
2021-01-01 21:30:00,6759.5786
2021-01-01 22:00:00,6745.5767
2021-01-01 22:30:00,6750.6494
2021-01-01 23:00:00,6659.5933
2021-01-01 23:30:00,6585.588
2021-01-02 00:00:00,6705.6514
2021-01-02 00:30:00,6656.13
2021-01-02 01:00:00,6469.634
2021-01-02 01:30:00,6259.452
2021-01-02 02:00:00,6111.3257
2021-01-02 02:30:00,6036.1006
2021-01-02 03:00:00,5993.27
2021-01-02 03:30:00,5973.1895
2021-01-02 04:00:00,5966.5166
2021-01-02 04:30:00,6002.7715
2021-01-02 05:00:00,6063.9043
2021-01-02 05:30:00,6155.355
2021-01-02 06:00:00,6266.9077
2021-01-02 06:30:00,6376.878
2021-01-02 07:00:00,6428.806
2021-01-02 07:30:00,6398.084
2021-01-02 08:00:00,6417.994
2021-01-02 08:30:00,6355.2754
2021-01-02 09:00:00,6290.9463
2021-01-02 09:30:00,6170.5366
2021-01-02 10:00:00,6091.04
2021-01-02 10:30:00,6063.759
2021-01-02 11:00:00,6059.8013
2021-01-02 11:30:00,6092.5605
2021-01-02 12:00:00,6109.6885
2021-01-02 12:30:00,6154.1455
2021-01-02 13:00:00,6169.1963
2021-01-02 13:30:00,6208.6
2021-01-02 14:00:00,6271.472
2021-01-02 14:30:00,6359.912
2021-01-02 15:00:00,6521.175
2021-01-02 15:30:00,6814.0356
2021-01-02 16:00:00,7187.2305
2021-01-02 16:30:00,7545.5405
2021-01-02 17:00:00,7865.5376
2021-01-02 17:30:00,8055.063
2021-01-02 18:00:00,8299.178
2021-01-02 18:30:00,8361.616
2021-01-02 19:00:00,8361.68
2021-01-02 19:30:00,8363.293
2021-01-02 20:00:00,8399.761
2021-01-02 20:30:00,8255.236
2021-01-02 21:00:00,8039.197
2021-01-02 21:30:00,7850.7627
2021-01-02 22:00:00,7660.3906
2021-01-02 22:30:00,7498.84
2021-01-02 23:00:00,7293.716
2021-01-02 23:30:00,7130.4014
2021-01-03 00:00:00,6886.1772
2021-01-03 00:30:00,6761.2217
2021-01-03 01:00:00,6599.38
2021-01-03 01:30:00,6368.377
2021-01-03 02:00:00,6211.9185
2021-01-03 02:30:00,6110.814
2021-01-03 03:00:00,6072.9478
2021-01-03 03:30:00,6095.8926
2021-01-03 04:00:00,6195.2563
2021-01-03 04:30:00,6407.988
2021-01-03 05:00:00,6739.7134
2021-01-03 05:30:00,7159.7266
2021-01-03 06:00:00,7542.175
2021-01-03 06:30:00,7726.8584
2021-01-03 07:00:00,7754.4224
2021-01-03 07:30:00,7677.578
2021-01-03 08:00:00,7587.4346
2021-01-03 08:30:00,7488.2954
2021-01-03 09:00:00,7352.3843
2021-01-03 09:30:00,7221.276
2021-01-03 10:00:00,7198.0938
2021-01-03 10:30:00,7226.2837
2021-01-03 11:00:00,7283.7695
2021-01-03 11:30:00,7311.3105
2021-01-03 12:00:00,7370.362
2021-01-03 12:30:00,7425.8916
2021-01-03 13:00:00,7509.371
2021-01-03 13:30:00,7615.713
2021-01-03 14:00:00,7682.5967
2021-01-03 14:30:00,7733.51
2021-01-03 15:00:00,7819.718
2021-01-03 15:30:00,7974.1733
2021-01-03 16:00:00,8244.202
2021-01-03 16:30:00,8606.156
2021-01-03 17:00:00,9026.757
2021-01-03 17:30:00,9296.721
2021-01-03 18:00:00,9408.805
2021-01-03 18:30:00,9313.268
2021-01-03 19:00:00,9116.178
2021-01-03 19:30:00,9031.484
2021-01-03 20:00:00,9011.963
2021-01-03 20:30:00,8857.701
2021-01-03 21:00:00,8632.1455
2021-01-03 21:30:00,8415.834
2021-01-03 22:00:00,8224.767
2021-01-03 22:30:00,8105.189
2021-01-03 23:00:00,7938.9863
2021-01-03 23:30:00,7745.8506
2021-01-04 00:00:00,7606.553
2021-01-04 00:30:00,7319.2754
2021-01-04 01:00:00,7135.968
2021-01-04 01:30:00,6916.208
2021-01-04 02:00:00,6719.5063
2021-01-04 02:30:00,6625.6978
2021-01-04 03:00:00,6569.62
2021-01-04 03:30:00,6591.8867
2021-01-04 04:00:00,6711.2354
2021-01-04 04:30:00,6893.156
2021-01-04 05:00:00,7122.799
2021-01-04 05:30:00,7518.9077
2021-01-04 06:00:00,7893.29
2021-01-04 06:30:00,8047.3247
2021-01-04 07:00:00,7996.721
2021-01-04 07:30:00,7956.8477
2021-01-04 08:00:00,7891.4497
2021-01-04 08:30:00,7791.687
2021-01-04 09:00:00,7714.165
2021-01-04 09:30:00,7677.1436
2021-01-04 10:00:00,7658.276
2021-01-04 10:30:00,7732.3745
2021-01-04 11:00:00,7869.834
2021-01-04 11:30:00,7989.4863
2021-01-04 12:00:00,8051.892
2021-01-04 12:30:00,8115.447
2021-01-04 13:00:00,8177.5576
2021-01-04 13:30:00,8231.981
2021-01-04 14:00:00,8325.693
2021-01-04 14:30:00,8425.136
2021-01-04 15:00:00,8494.96
2021-01-04 15:30:00,8700.436
2021-01-04 16:00:00,8898.553
2021-01-04 16:30:00,9162.229
2021-01-04 17:00:00,9456.034
2021-01-04 17:30:00,9699.527
2021-01-04 18:00:00,9897.208
2021-01-04 18:30:00,9891.636
2021-01-04 19:00:00,9751.176
2021-01-04 19:30:00,9533.8
2021-01-04 20:00:00,9421.231
2021-01-04 20:30:00,9202.405
2021-01-04 21:00:00,8907.102
2021-01-04 21:30:00,8624.876
2021-01-04 22:00:00,8396.804
2021-01-04 22:30:00,8261.427
2021-01-04 23:00:00,8064.9854
2021-01-04 23:30:00,7987.77
2021-01-05 00:00:00,8055.117
2021-01-05 00:30:00,7783.1616
2021-01-05 01:00:00,7523.659
2021-01-05 01:30:00,7292.3066
2021-01-05 02:00:00,7086.2944
2021-01-05 02:30:00,6952.1553
2021-01-05 03:00:00,6871.092
2021-01-05 03:30:00,6850.7593
2021-01-05 04:00:00,6908.1694
2021-01-05 04:30:00,7079.856
2021-01-05 05:00:00,7369.878
2021-01-05 05:30:00,7824.6016
2021-01-05 06:00:00,8167.0557
2021-01-05 06:30:00,8431.127
2021-01-05 07:00:00,8485.586
2021-01-05 07:30:00,8574.988
2021-01-05 08:00:00,8696.268
2021-01-05 08:30:00,8548.581
2021-01-05 09:00:00,8342.511
2021-01-05 09:30:00,8280.076
2021-01-05 10:00:00,8360.656
2021-01-05 10:30:00,8382.074
2021-01-05 11:00:00,8453.015
2021-01-05 11:30:00,8484.01
2021-01-05 12:00:00,8532.544
2021-01-05 12:30:00,8463.317
2021-01-05 13:00:00,8444.466
2021-01-05 13:30:00,8473.969
2021-01-05 14:00:00,8574.174
2021-01-05 14:30:00,8692.67
2021-01-05 15:00:00,8860.384
2021-01-05 15:30:00,9132.771
2021-01-05 16:00:00,9493.504
2021-01-05 16:30:00,9798.967
2021-01-05 17:00:00,10110.985
2021-01-05 17:30:00,10480.777
2021-01-05 18:00:00,10522.469
2021-01-05 18:30:00,10303.469
2021-01-05 19:00:00,9931.079
2021-01-05 19:30:00,9782.699
2021-01-05 20:00:00,9668.883
2021-01-05 20:30:00,9378.021
2021-01-05 21:00:00,9098.689
2021-01-05 21:30:00,8843.461
2021-01-05 22:00:00,8620.958
2021-01-05 22:30:00,8460.679
2021-01-05 23:00:00,8334.506
2021-01-05 23:30:00,8183.001
2021-01-06 00:00:00,7876.4004
2021-01-06 00:30:00,7597.93
2021-01-06 01:00:00,7378.9673
2021-01-06 01:30:00,7140.2295
2021-01-06 02:00:00,6932.912
2021-01-06 02:30:00,6685.6953
2021-01-06 03:00:00,6782.463
2021-01-06 03:30:00,6812.337
2021-01-06 04:00:00,6895.8164
2021-01-06 04:30:00,7119.9604
2021-01-06 05:00:00,7422.8213
2021-01-06 05:30:00,7879.4707
2021-01-06 06:00:00,8206.393
2021-01-06 06:30:00,8404.209
2021-01-06 07:00:00,8411.353
2021-01-06 07:30:00,8265.858
2021-01-06 08:00:00,8277.123
2021-01-06 08:30:00,8188.3413
2021-01-06 09:00:00,8079.743
2021-01-06 09:30:00,7972.592
2021-01-06 10:00:00,8037.5054
2021-01-06 10:30:00,8251.81
2021-01-06 11:00:00,8366.7
2021-01-06 11:30:00,8449.219
2021-01-06 12:00:00,8528.179
2021-01-06 12:30:00,8617.742
2021-01-06 13:00:00,9049.355
2021-01-06 13:30:00,9354.727
2021-01-06 14:00:00,9408.07
2021-01-06 14:30:00,9301.065
2021-01-06 15:00:00,9109.237
2021-01-06 15:30:00,9344.195
2021-01-06 16:00:00,9757.743
2021-01-06 16:30:00,10267.421
2021-01-06 17:00:00,10786.473
2021-01-06 17:30:00,10860.482
2021-01-06 18:00:00,10499.248
2021-01-06 18:30:00,10721.278
2021-01-06 19:00:00,10402.42
2021-01-06 19:30:00,10027.598
2021-01-06 20:00:00,9758.907
2021-01-06 20:30:00,9471.372
2021-01-06 21:00:00,9078.474
2021-01-06 21:30:00,8746.872
2021-01-06 22:00:00,8361.197
2021-01-06 22:30:00,8014.8735
2021-01-06 23:00:00,7857.935
2021-01-06 23:30:00,7672.01
2021-01-07 00:00:00,7969.9995
2021-01-07 00:30:00,7674.787
2021-01-07 01:00:00,7219.6206
2021-01-07 01:30:00,7007.497
2021-01-07 02:00:00,6757.1577
2021-01-07 02:30:00,6785.118
2021-01-07 03:00:00,7033.4355
2021-01-07 03:30:00,7121.9243
2021-01-07 04:00:00,7240.7236
2021-01-07 04:30:00,7441.6
2021-01-07 05:00:00,7696.409
2021-01-07 05:30:00,8256.1455
2021-01-07 06:00:00,8872.814
2021-01-07 06:30:00,8952.139
2021-01-07 07:00:00,9116.939
2021-01-07 07:30:00,9152.396
2021-01-07 08:00:00,9081.96
2021-01-07 08:30:00,8900.805
2021-01-07 09:00:00,8781.506
2021-01-07 09:30:00,8598.054
2021-01-07 10:00:00,8533.182
2021-01-07 10:30:00,8579.6
2021-01-07 11:00:00,8709.525
2021-01-07 11:30:00,8902.273
2021-01-07 12:00:00,9037.669
2021-01-07 12:30:00,9189.981
2021-01-07 13:00:00,9348.548
2021-01-07 13:30:00,9575.591
2021-01-07 14:00:00,9707.852
2021-01-07 14:30:00,10093.7295
2021-01-07 15:00:00,10223.156
2021-01-07 15:30:00,10376.443
2021-01-07 16:00:00,10643.621
2021-01-07 16:30:00,10912.382
2021-01-07 17:00:00,11305.831
2021-01-07 17:30:00,11469.248
2021-01-07 18:00:00,11648.867
2021-01-07 18:30:00,11531.934
2021-01-07 19:00:00,11239.591
2021-01-07 19:30:00,10855.631
2021-01-07 20:00:00,10643.307
2021-01-07 20:30:00,10292.0205
2021-01-07 21:00:00,9975.436
2021-01-07 21:30:00,9772.681
2021-01-07 22:00:00,9502.69
2021-01-07 22:30:00,9243.258
2021-01-07 23:00:00,8479.314
2021-01-07 23:30:00,8272.743
2021-01-08 00:00:00,7837.5205
2021-01-08 00:30:00,7591.9277
2021-01-08 01:00:00,7349.7314
2021-01-08 01:30:00,7053.009
2021-01-08 02:00:00,6816.3613
2021-01-08 02:30:00,6677.7075
2021-01-08 03:00:00,6609.4785
2021-01-08 03:30:00,6597.8955
2021-01-08 04:00:00,6646.01
2021-01-08 04:30:00,6749.4287
2021-01-08 05:00:00,6855.497
2021-01-08 05:30:00,7063.6587
2021-01-08 06:00:00,7194.588
2021-01-08 06:30:00,7287.138
2021-01-08 07:00:00,7300.838
2021-01-08 07:30:00,7245.6807
2021-01-08 08:00:00,7189.543
2021-01-08 08:30:00,7098.0117
2021-01-08 09:00:00,6978.875
2021-01-08 09:30:00,6857.1045
2021-01-08 10:00:00,6735.409
2021-01-08 10:30:00,6586.6133
2021-01-08 11:00:00,6451.169
2021-01-08 11:30:00,6447.5396
2021-01-08 12:00:00,6504.6143
2021-01-08 12:30:00,6575.2393
2021-01-08 13:00:00,6652.4443
2021-01-08 13:30:00,6740.1353
2021-01-08 14:00:00,6863.3896
2021-01-08 14:30:00,6959.453
2021-01-08 15:00:00,7189.007
2021-01-08 15:30:00,7444.6616
2021-01-08 16:00:00,7667.069
2021-01-08 16:30:00,7955.0713
2021-01-08 17:00:00,8287.354
2021-01-08 17:30:00,8765.168
2021-01-08 18:00:00,9024.257
2021-01-08 18:30:00,9119.841
2021-01-08 19:00:00,8941.804
2021-01-08 19:30:00,8750.627
2021-01-08 20:00:00,8754.996
2021-01-08 20:30:00,8650.889
2021-01-08 21:00:00,8382.658
2021-01-08 21:30:00,8228.462
2021-01-08 22:00:00,8070.772
2021-01-08 22:30:00,7953.77
2021-01-08 23:00:00,7805.5205
2021-01-08 23:30:00,7671.4927
2021-01-09 00:00:00,6958.741
2021-01-09 00:30:00,6880.9404
2021-01-09 01:00:00,6675.4966
2021-01-09 01:30:00,6440.3564
2021-01-09 02:00:00,6279.463
2021-01-09 02:30:00,6176.621
2021-01-09 03:00:00,6109.378
2021-01-09 03:30:00,6085.7104
2021-01-09 04:00:00,6107.4883
2021-01-09 04:30:00,6178.9644
2021-01-09 05:00:00,6250.5103
2021-01-09 05:30:00,6417.5586
2021-01-09 06:00:00,6570.3184
2021-01-09 06:30:00,6727.751
2021-01-09 07:00:00,6806.5083
2021-01-09 07:30:00,6795.548
2021-01-09 08:00:00,6823.4424
2021-01-09 08:30:00,6690.5923
2021-01-09 09:00:00,6568.599
2021-01-09 09:30:00,6422.078
2021-01-09 10:00:00,6317.193
2021-01-09 10:30:00,6272.527
2021-01-09 11:00:00,6247.854
2021-01-09 11:30:00,6250.615
2021-01-09 12:00:00,6243.6924
2021-01-09 12:30:00,6250.257
2021-01-09 13:00:00,6265.209
2021-01-09 13:30:00,6303.0713
2021-01-09 14:00:00,6315.632
2021-01-09 14:30:00,6340.2305
2021-01-09 15:00:00,6417.1865
2021-01-09 15:30:00,6586.904
2021-01-09 16:00:00,6844.1577
2021-01-09 16:30:00,7211.2935
2021-01-09 17:00:00,7640.2095
2021-01-09 17:30:00,7961.1006
2021-01-09 18:00:00,8281.958
2021-01-09 18:30:00,8500.688
2021-01-09 19:00:00,8607.033
2021-01-09 19:30:00,8680.175
2021-01-09 20:00:00,8699.839
2021-01-09 20:30:00,8616.558
2021-01-09 21:00:00,8424.752
2021-01-09 21:30:00,8238.995
2021-01-09 22:00:00,8065.9453
2021-01-09 22:30:00,7924.3374
2021-01-09 23:00:00,7722.0405
2021-01-09 23:30:00,7523.199
2021-01-10 00:00:00,7381.8267
2021-01-10 00:30:00,7243.342
2021-01-10 01:00:00,7008.8003
2021-01-10 01:30:00,6775.031
2021-01-10 02:00:00,6668.1685
2021-01-10 02:30:00,6595.3867
2021-01-10 03:00:00,6577.9927
2021-01-10 03:30:00,6606.521
2021-01-10 04:00:00,6691.9663
2021-01-10 04:30:00,6901.9604
2021-01-10 05:00:00,7212.241
2021-01-10 05:30:00,7881.989
2021-01-10 06:00:00,8279.941
2021-01-10 06:30:00,8465.051
2021-01-10 07:00:00,8546.813
2021-01-10 07:30:00,8525.8955
2021-01-10 08:00:00,8483.529
2021-01-10 08:30:00,8397.772
2021-01-10 09:00:00,8244.757
2021-01-10 09:30:00,8067.3555
2021-01-10 10:00:00,8038.3135
2021-01-10 10:30:00,8034.9546
2021-01-10 11:00:00,8101.001
2021-01-10 11:30:00,8175.9165
2021-01-10 12:00:00,8337.573
2021-01-10 12:30:00,8439.467
2021-01-10 13:00:00,8564.068
2021-01-10 13:30:00,8731.806
2021-01-10 14:00:00,8875.061
2021-01-10 14:30:00,8978.836
2021-01-10 15:00:00,9156.42
2021-01-10 15:30:00,9390.094
2021-01-10 16:00:00,9711.839
2021-01-10 16:30:00,10154.554
2021-01-10 17:00:00,10603.927
2021-01-10 17:30:00,10817.287
2021-01-10 18:00:00,10975.969
2021-01-10 18:30:00,10952.753
2021-01-10 19:00:00,10773.321
2021-01-10 19:30:00,10557.494
2021-01-10 20:00:00,10485.968
2021-01-10 20:30:00,10211.586
2021-01-10 21:00:00,9819.783
2021-01-10 21:30:00,9450.096
2021-01-10 22:00:00,9105.734
2021-01-10 22:30:00,8852.037
2021-01-10 23:00:00,8548.028
2021-01-10 23:30:00,8276.999
2021-01-11 00:00:00,8085.762
2021-01-11 00:30:00,7781.2153
2021-01-11 01:00:00,7545.351
2021-01-11 01:30:00,7294.2295
2021-01-11 02:00:00,7062.884
2021-01-11 02:30:00,6953.253
2021-01-11 03:00:00,6900.5576
2021-01-11 03:30:00,6908.6113
2021-01-11 04:00:00,6973.3574
2021-01-11 04:30:00,7182.9766
2021-01-11 05:00:00,7456.942
2021-01-11 05:30:00,7958.5967
2021-01-11 06:00:00,8345.393
2021-01-11 06:30:00,8591.627
2021-01-11 07:00:00,8723.899
2021-01-11 07:30:00,8808.545
2021-01-11 08:00:00,8782.877
2021-01-11 08:30:00,8785.408
2021-01-11 09:00:00,8761.152
2021-01-11 09:30:00,8595.8955
2021-01-11 10:00:00,8395.155
2021-01-11 10:30:00,8274.352
2021-01-11 11:00:00,8298.291
2021-01-11 11:30:00,8308.61
2021-01-11 12:00:00,8323.815
2021-01-11 12:30:00,8400.761
2021-01-11 13:00:00,8458.888
2021-01-11 13:30:00,8490.306
2021-01-11 14:00:00,8539.414
2021-01-11 14:30:00,8543.3
2021-01-11 15:00:00,8607.487
2021-01-11 15:30:00,8640.667
2021-01-11 16:00:00,8826.925
2021-01-11 16:30:00,9050.01
2021-01-11 17:00:00,9177.349
2021-01-11 17:30:00,9299.522
2021-01-11 18:00:00,9222.696
2021-01-11 18:30:00,9212.884
2021-01-11 19:00:00,9081.592
2021-01-11 19:30:00,8975.495
2021-01-11 20:00:00,8895.399
2021-01-11 20:30:00,8800.279
2021-01-11 21:00:00,8574.6045
2021-01-11 21:30:00,8362.902
2021-01-11 22:00:00,8206.993
2021-01-11 22:30:00,8114.7705
2021-01-11 23:00:00,7985.792
2021-01-11 23:30:00,7854.7246
2021-01-12 00:00:00,6784.6846
2021-01-12 00:30:00,6725.1265
2021-01-12 01:00:00,6558.766
2021-01-12 01:30:00,6354.454
2021-01-12 02:00:00,6221.9844
2021-01-12 02:30:00,6174.4937
2021-01-12 03:00:00,6173.6475
2021-01-12 03:30:00,6213.611
2021-01-12 04:00:00,6261.487
2021-01-12 04:30:00,6353.746
2021-01-12 05:00:00,6477.691
2021-01-12 05:30:00,6630.439
2021-01-12 06:00:00,6741.648
2021-01-12 06:30:00,6875.3477
2021-01-12 07:00:00,7009.6113
2021-01-12 07:30:00,7111.8936
2021-01-12 08:00:00,7166.819
2021-01-12 08:30:00,7212.6914
2021-01-12 09:00:00,7186.399
2021-01-12 09:30:00,7094.1255
2021-01-12 10:00:00,6994.543
2021-01-12 10:30:00,6886.3716
2021-01-12 11:00:00,6764.267
2021-01-12 11:30:00,6728.3867
2021-01-12 12:00:00,6712.738
2021-01-12 12:30:00,6694.271
2021-01-12 13:00:00,6715.3438
2021-01-12 13:30:00,6768.5894
2021-01-12 14:00:00,6832.649
2021-01-12 14:30:00,6881.726
2021-01-12 15:00:00,6972.6846
2021-01-12 15:30:00,7068.357
2021-01-12 16:00:00,7164.518
2021-01-12 16:30:00,7275.926
2021-01-12 17:00:00,7392.1973
2021-01-12 17:30:00,7480.928
2021-01-12 18:00:00,7587.0137
2021-01-12 18:30:00,7615.6924
2021-01-12 19:00:00,7619.5225
2021-01-12 19:30:00,7661.6113
2021-01-12 20:00:00,7648.757
2021-01-12 20:30:00,7591.5576
2021-01-12 21:00:00,7483.8223
2021-01-12 21:30:00,7374.0405
2021-01-12 22:00:00,7273.598
2021-01-12 22:30:00,7200.039
2021-01-12 23:00:00,7084.0396
2021-01-12 23:30:00,6985.079
2021-01-13 00:00:00,6863.338
2021-01-13 00:30:00,6766.633
2021-01-13 01:00:00,6618.0674
2021-01-13 01:30:00,6446.617
2021-01-13 02:00:00,6299.2847
2021-01-13 02:30:00,6192.0156
2021-01-13 03:00:00,6158.715
2021-01-13 03:30:00,6166.959
2021-01-13 04:00:00,6242.1235
2021-01-13 04:30:00,6429.132
2021-01-13 05:00:00,6680.806
2021-01-13 05:30:00,7195.9355
2021-01-13 06:00:00,7497.928
2021-01-13 06:30:00,7657.2275
2021-01-13 07:00:00,7688.9717
2021-01-13 07:30:00,7644.1763
2021-01-13 08:00:00,7592.32
2021-01-13 08:30:00,7543.8135
2021-01-13 09:00:00,7481.4077
2021-01-13 09:30:00,7451.379
2021-01-13 10:00:00,7424.6436
2021-01-13 10:30:00,7377.6235
2021-01-13 11:00:00,7352.7354
2021-01-13 11:30:00,7326.9536
2021-01-13 12:00:00,7271.7163
2021-01-13 12:30:00,7192.126
2021-01-13 13:00:00,7151.978
2021-01-13 13:30:00,7124.456
2021-01-13 14:00:00,7108.584
2021-01-13 14:30:00,7134.6284
2021-01-13 15:00:00,7232.317
2021-01-13 15:30:00,7380.503
2021-01-13 16:00:00,7563.9897
2021-01-13 16:30:00,7735.2134
2021-01-13 17:00:00,7925.383
2021-01-13 17:30:00,8018.3896
2021-01-13 18:00:00,8080.0337
2021-01-13 18:30:00,8049.11
2021-01-13 19:00:00,7964.5024
2021-01-13 19:30:00,7967.4634
2021-01-13 20:00:00,7954.636
2021-01-13 20:30:00,7828.6587
2021-01-13 21:00:00,7656.341
2021-01-13 21:30:00,7519.4717
2021-01-13 22:00:00,7397.5083
2021-01-13 22:30:00,7317.8066
2021-01-13 23:00:00,7196.321
2021-01-13 23:30:00,7120.438
2021-01-14 00:00:00,6827.66
2021-01-14 00:30:00,6770.3755
2021-01-14 01:00:00,6636.2207
2021-01-14 01:30:00,6483.25
2021-01-14 02:00:00,6336.388
2021-01-14 02:30:00,6203.5117
2021-01-14 03:00:00,6171.1797
2021-01-14 03:30:00,6234.1836
2021-01-14 04:00:00,6373.5796
2021-01-14 04:30:00,6614.4023
2021-01-14 05:00:00,6844.1357
2021-01-14 05:30:00,7375.328
2021-01-14 06:00:00,7605.386
2021-01-14 06:30:00,7618.0215
2021-01-14 07:00:00,7537.843
2021-01-14 07:30:00,7454.607
2021-01-14 08:00:00,7343.5225
2021-01-14 08:30:00,7254.3286
2021-01-14 09:00:00,7123.372
2021-01-14 09:30:00,7028.487
2021-01-14 10:00:00,6958.1123
2021-01-14 10:30:00,6906.0327
2021-01-14 11:00:00,6861.254
2021-01-14 11:30:00,6834.07
2021-01-14 12:00:00,6816.301
2021-01-14 12:30:00,6786.875
2021-01-14 13:00:00,6799.3584
2021-01-14 13:30:00,6866.7783
2021-01-14 14:00:00,6980.961
2021-01-14 14:30:00,7101.837
2021-01-14 15:00:00,7243.652
2021-01-14 15:30:00,7455.3555
2021-01-14 16:00:00,7672.138
2021-01-14 16:30:00,7902.6504
2021-01-14 17:00:00,8141.1445
2021-01-14 17:30:00,8234.251
2021-01-14 18:00:00,8350.504
2021-01-14 18:30:00,8369.68
2021-01-14 19:00:00,8367.628
2021-01-14 19:30:00,8324.859
2021-01-14 20:00:00,8349.205
2021-01-14 20:30:00,8264.575
2021-01-14 21:00:00,8070.582
2021-01-14 21:30:00,7886.166
2021-01-14 22:00:00,7732.286
2021-01-14 22:30:00,7633.6104
2021-01-14 23:00:00,7512.734
2021-01-14 23:30:00,7401.107
2021-01-15 00:00:00,7078.0737
2021-01-15 00:30:00,6922.118
2021-01-15 01:00:00,6779.399
2021-01-15 01:30:00,6567.5557
2021-01-15 02:00:00,6394.1235
2021-01-15 02:30:00,6278.086
2021-01-15 03:00:00,6224.6777
2021-01-15 03:30:00,6240.9487
2021-01-15 04:00:00,6333.3833
2021-01-15 04:30:00,6509.911
2021-01-15 05:00:00,6708.5713
2021-01-15 05:30:00,7171.9385
2021-01-15 06:00:00,7428.139
2021-01-15 06:30:00,7555.45
2021-01-15 07:00:00,7590.8115
2021-01-15 07:30:00,7546.2236
2021-01-15 08:00:00,7485.2744
2021-01-15 08:30:00,7398.3354
2021-01-15 09:00:00,7323.193
2021-01-15 09:30:00,7261.9346
2021-01-15 10:00:00,7260.837
2021-01-15 10:30:00,7360.378
2021-01-15 11:00:00,7517.2393
2021-01-15 11:30:00,7660.2256
2021-01-15 12:00:00,7780.0576
2021-01-15 12:30:00,7914.464
2021-01-15 13:00:00,8014.6445
2021-01-15 13:30:00,8114.1265
2021-01-15 14:00:00,8252.1
2021-01-15 14:30:00,8411.278
2021-01-15 15:00:00,8635.655
2021-01-15 15:30:00,8918.06
2021-01-15 16:00:00,9103.373
2021-01-15 16:30:00,9357.405
2021-01-15 17:00:00,9702.592
2021-01-15 17:30:00,9879.436
2021-01-15 18:00:00,9897.629
2021-01-15 18:30:00,9786.42
2021-01-15 19:00:00,9564.271
2021-01-15 19:30:00,9388.032
2021-01-15 20:00:00,9324.472
2021-01-15 20:30:00,9174.422
2021-01-15 21:00:00,8863.562
2021-01-15 21:30:00,8623.104
2021-01-15 22:00:00,8346.975
2021-01-15 22:30:00,8139.348
2021-01-15 23:00:00,7911.5835
2021-01-15 23:30:00,7752.4146
2021-01-16 00:00:00,7530.5005
2021-01-16 00:30:00,7252.145
2021-01-16 01:00:00,7061.478
2021-01-16 01:30:00,6910.124
2021-01-16 02:00:00,6692.1357
2021-01-16 02:30:00,6495.4556
2021-01-16 03:00:00,6426.52
2021-01-16 03:30:00,6378.6963
2021-01-16 04:00:00,6365.192
2021-01-16 04:30:00,6419.2314
2021-01-16 05:00:00,6488.736
2021-01-16 05:30:00,6659.163
2021-01-16 06:00:00,6768.312
2021-01-16 06:30:00,6912.7627
2021-01-16 07:00:00,6977.1475
2021-01-16 07:30:00,7014.3975
2021-01-16 08:00:00,7052.83
2021-01-16 08:30:00,7106.3555
2021-01-16 09:00:00,7084.333
2021-01-16 09:30:00,6983.683
2021-01-16 10:00:00,6917.5166
2021-01-16 10:30:00,6876.615
2021-01-16 11:00:00,6868.8354
2021-01-16 11:30:00,6852.3345
2021-01-16 12:00:00,6846.8843
2021-01-16 12:30:00,6888.9907
2021-01-16 13:00:00,6998.704
2021-01-16 13:30:00,7104.3843
2021-01-16 14:00:00,7199.7812
2021-01-16 14:30:00,7354.975
2021-01-16 15:00:00,7517.9795
2021-01-16 15:30:00,7763.129
2021-01-16 16:00:00,8116.006
2021-01-16 16:30:00,8347.129
2021-01-16 17:00:00,8796.784
2021-01-16 17:30:00,9008.524
2021-01-16 18:00:00,9044.614
2021-01-16 18:30:00,9249.346
2021-01-16 19:00:00,8976.35
2021-01-16 19:30:00,8808.789
2021-01-16 20:00:00,8691.003
2021-01-16 20:30:00,8520.489
2021-01-16 21:00:00,8345.648
2021-01-16 21:30:00,8114.271
2021-01-16 22:00:00,8019.9355
2021-01-16 22:30:00,7898.115
2021-01-16 23:00:00,7636.9883
2021-01-16 23:30:00,7507.482
2021-01-17 00:00:00,8238.016
2021-01-17 00:30:00,8107.3535
2021-01-17 01:00:00,7812.8037
2021-01-17 01:30:00,7842.811
2021-01-17 02:00:00,7343.686
2021-01-17 02:30:00,7138.199
2021-01-17 03:00:00,6817.933
2021-01-17 03:30:00,6577.7637
2021-01-17 04:00:00,6446.5273
2021-01-17 04:30:00,6412.052
2021-01-17 05:00:00,6474.371
2021-01-17 05:30:00,6896.0137
2021-01-17 06:00:00,7229.369
2021-01-17 06:30:00,7118.086
2021-01-17 07:00:00,7223.819
2021-01-17 07:30:00,7666.365
2021-01-17 08:00:00,7849.01
2021-01-17 08:30:00,7988.0728
2021-01-17 09:00:00,8034.514
2021-01-17 09:30:00,7996.9546
2021-01-17 10:00:00,8062.926
2021-01-17 10:30:00,8137.2324
2021-01-17 11:00:00,8173.515
2021-01-17 11:30:00,8191.8784
2021-01-17 12:00:00,8182.743
2021-01-17 12:30:00,8243.785
2021-01-17 13:00:00,8283.466
2021-01-17 13:30:00,8367.002
2021-01-17 14:00:00,8434.203
2021-01-17 14:30:00,8605.183
2021-01-17 15:00:00,8917.846
2021-01-17 15:30:00,9410.665
2021-01-17 16:00:00,9955.963
2021-01-17 16:30:00,10327.786
2021-01-17 17:00:00,11048.192
2021-01-17 17:30:00,11297.029
2021-01-17 18:00:00,11382.987
2021-01-17 18:30:00,11299.45
2021-01-17 19:00:00,11061.865
2021-01-17 19:30:00,10954.957
2021-01-17 20:00:00,10834.472
2021-01-17 20:30:00,10499.057
2021-01-17 21:00:00,9762.821
2021-01-17 21:30:00,9150.423
2021-01-17 22:00:00,8886.723
2021-01-17 22:30:00,8800.559
2021-01-17 23:00:00,8594.533
2021-01-17 23:30:00,8331.889
2021-01-18 00:00:00,8453.216
2021-01-18 00:30:00,8204.154
2021-01-18 01:00:00,7894.064
2021-01-18 01:30:00,7649.5605
2021-01-18 02:00:00,7418.077
2021-01-18 02:30:00,7307.0283
2021-01-18 03:00:00,7285.555
2021-01-18 03:30:00,7304.772
2021-01-18 04:00:00,7411.452
2021-01-18 04:30:00,7580.599
2021-01-18 05:00:00,7769.277
2021-01-18 05:30:00,8286.407
2021-01-18 06:00:00,8751.988
2021-01-18 06:30:00,9153.068
2021-01-18 07:00:00,9346.698
2021-01-18 07:30:00,9436.732
2021-01-18 08:00:00,9454.779
2021-01-18 08:30:00,9507.11
2021-01-18 09:00:00,9388.328
2021-01-18 09:30:00,9389.294
2021-01-18 10:00:00,9530.488
2021-01-18 10:30:00,9724.229
2021-01-18 11:00:00,9863.808
2021-01-18 11:30:00,10032.011
2021-01-18 12:00:00,10230.159
2021-01-18 12:30:00,10341.154
2021-01-18 13:00:00,10495.075
2021-01-18 13:30:00,10645.221
2021-01-18 14:00:00,10834.961
2021-01-18 14:30:00,11070.082
2021-01-18 15:00:00,11283.984
2021-01-18 15:30:00,11551.318
2021-01-18 16:00:00,11852.548
2021-01-18 16:30:00,12200.793
2021-01-18 17:00:00,12623.408
2021-01-18 17:30:00,12824.062
2021-01-18 18:00:00,12674.401
2021-01-18 18:30:00,12416.401
2021-01-18 19:00:00,11968.742
2021-01-18 19:30:00,11546.775
2021-01-18 20:00:00,11277.002
2021-01-18 20:30:00,10993.722
2021-01-18 21:00:00,10568.051
2021-01-18 21:30:00,10130.984
2021-01-18 22:00:00,9767.537
2021-01-18 22:30:00,9485.294
2021-01-18 23:00:00,9108.853
2021-01-18 23:30:00,8781.335
2021-01-19 00:00:00,8788.012
2021-01-19 00:30:00,8363.231
2021-01-19 01:00:00,8000.3867
2021-01-19 01:30:00,7683.9385
2021-01-19 02:00:00,7396.3916
2021-01-19 02:30:00,7172.5127
2021-01-19 03:00:00,7092.1
2021-01-19 03:30:00,7075.585
2021-01-19 04:00:00,7083.421
2021-01-19 04:30:00,7147.839
2021-01-19 05:00:00,7247.8643
2021-01-19 05:30:00,7613.123
2021-01-19 06:00:00,7718.17
2021-01-19 06:30:00,7677.399
2021-01-19 07:00:00,7646.342
2021-01-19 07:30:00,7726.7275
2021-01-19 08:00:00,7936.1226
2021-01-19 08:30:00,8246.098
2021-01-19 09:00:00,8675.142
2021-01-19 09:30:00,8901.388
2021-01-19 10:00:00,9201.191
2021-01-19 10:30:00,9361.741
2021-01-19 11:00:00,9549.727
2021-01-19 11:30:00,9734.32
2021-01-19 12:00:00,9978.493
2021-01-19 12:30:00,10072.652
2021-01-19 13:00:00,10171.404
2021-01-19 13:30:00,10243.297
2021-01-19 14:00:00,10414.855
2021-01-19 14:30:00,10784.37
2021-01-19 15:00:00,10924.636
2021-01-19 15:30:00,11136.313
2021-01-19 16:00:00,11449.112
2021-01-19 16:30:00,11826.65
2021-01-19 17:00:00,11967.273
2021-01-19 17:30:00,11900.447
2021-01-19 18:00:00,11974.498
2021-01-19 18:30:00,11759.661
2021-01-19 19:00:00,11470.76
2021-01-19 19:30:00,11257.705
2021-01-19 20:00:00,10973.84
2021-01-19 20:30:00,10490.025
2021-01-19 21:00:00,9692.22
2021-01-19 21:30:00,9381.4375
2021-01-19 22:00:00,9174.755
2021-01-19 22:30:00,8857.741
2021-01-19 23:00:00,8655.996
2021-01-19 23:30:00,8361.129
2021-01-20 00:00:00,8975.351
2021-01-20 00:30:00,8187.352
2021-01-20 01:00:00,7933.524
2021-01-20 01:30:00,7961.699
2021-01-20 02:00:00,7689.4185
2021-01-20 02:30:00,7445.8154
2021-01-20 03:00:00,7327.043
2021-01-20 03:30:00,7306.6577
2021-01-20 04:00:00,7335.4146
2021-01-20 04:30:00,7421.662
2021-01-20 05:00:00,7560.822
2021-01-20 05:30:00,7963.073
2021-01-20 06:00:00,8361.293
2021-01-20 06:30:00,8716.374
2021-01-20 07:00:00,9027.891
2021-01-20 07:30:00,9444.773
2021-01-20 08:00:00,9518.601
2021-01-20 08:30:00,9485.72
2021-01-20 09:00:00,9392.655
2021-01-20 09:30:00,9169.986
2021-01-20 10:00:00,8834.537
2021-01-20 10:30:00,8752.035
2021-01-20 11:00:00,8713.066
2021-01-20 11:30:00,8697.691
2021-01-20 12:00:00,8846.725
2021-01-20 12:30:00,8894.464
2021-01-20 13:00:00,8942.477
2021-01-20 13:30:00,8961.311
2021-01-20 14:00:00,8893.898
2021-01-20 14:30:00,8861.272
2021-01-20 15:00:00,8899.947
2021-01-20 15:30:00,8965.816
2021-01-20 16:00:00,9025.073
2021-01-20 16:30:00,9150.815
2021-01-20 17:00:00,9316.57
2021-01-20 17:30:00,9324.272
2021-01-20 18:00:00,9271.036
2021-01-20 18:30:00,8864.936
2021-01-20 19:00:00,8729.262
2021-01-20 19:30:00,9142.287
2021-01-20 20:00:00,9170.93
2021-01-20 20:30:00,8890.078
2021-01-20 21:00:00,8441.243
2021-01-20 21:30:00,8269.685
2021-01-20 22:00:00,8117.097
2021-01-20 22:30:00,8030.9204
2021-01-20 23:00:00,7851.4233
2021-01-20 23:30:00,7677.8374
2021-01-21 00:00:00,7019.506
2021-01-21 00:30:00,6889.1733
2021-01-21 01:00:00,6722.88
2021-01-21 01:30:00,6503.361
2021-01-21 02:00:00,6331.8555
2021-01-21 02:30:00,6227.467
2021-01-21 03:00:00,6183.162
2021-01-21 03:30:00,6183.9116
2021-01-21 04:00:00,6247.489
2021-01-21 04:30:00,6426.6216
2021-01-21 05:00:00,6662.807
2021-01-21 05:30:00,7132.0146
2021-01-21 06:00:00,7541.532
2021-01-21 06:30:00,7788.313
2021-01-21 07:00:00,7885.93
2021-01-21 07:30:00,7918.142
2021-01-21 08:00:00,7928.313
2021-01-21 08:30:00,7909.116
2021-01-21 09:00:00,7858.5674
2021-01-21 09:30:00,7763.5947
2021-01-21 10:00:00,7677.973
2021-01-21 10:30:00,7629.568
2021-01-21 11:00:00,7558.66
2021-01-21 11:30:00,7499.635
2021-01-21 12:00:00,7474.6553
2021-01-21 12:30:00,7448.1313
2021-01-21 13:00:00,7400.0845
2021-01-21 13:30:00,7380.758
2021-01-21 14:00:00,7396.868
2021-01-21 14:30:00,7415.476
2021-01-21 15:00:00,7438.3364
2021-01-21 15:30:00,7531.0996
2021-01-21 16:00:00,7623.143
2021-01-21 16:30:00,7718.8657
2021-01-21 17:00:00,7787.5254
2021-01-21 17:30:00,7808.612
2021-01-21 18:00:00,7816.0396
2021-01-21 18:30:00,7801.9116
2021-01-21 19:00:00,7848.2456
2021-01-21 19:30:00,7923.9478
2021-01-21 20:00:00,7860.584
2021-01-21 20:30:00,7696.3423
2021-01-21 21:00:00,7541.6953
2021-01-21 21:30:00,7408.8506
2021-01-21 22:00:00,7318.5283
2021-01-21 22:30:00,7266.3823
2021-01-21 23:00:00,7166.093
2021-01-21 23:30:00,7078.4126
2021-01-22 00:00:00,6925.3496
2021-01-22 00:30:00,6818.1406
2021-01-22 01:00:00,6689.1343
2021-01-22 01:30:00,6497.934
2021-01-22 02:00:00,6333.3574
2021-01-22 02:30:00,6239.87
2021-01-22 03:00:00,6222.16
2021-01-22 03:30:00,6264.027
2021-01-22 04:00:00,6354.3037
2021-01-22 04:30:00,6492.1953
2021-01-22 05:00:00,6634.5234
2021-01-22 05:30:00,7124.6533
2021-01-22 06:00:00,7478.575
2021-01-22 06:30:00,7744.789
2021-01-22 07:00:00,7910.5874
2021-01-22 07:30:00,7968.279
2021-01-22 08:00:00,7983.7563
2021-01-22 08:30:00,7963.519
2021-01-22 09:00:00,7923.4053
2021-01-22 09:30:00,7839.9004
2021-01-22 10:00:00,7742.028
2021-01-22 10:30:00,7637.2407
2021-01-22 11:00:00,7576.341
2021-01-22 11:30:00,7541.5767
2021-01-22 12:00:00,7485.524
2021-01-22 12:30:00,7460.8843
2021-01-22 13:00:00,7444.8286
2021-01-22 13:30:00,7427.048
2021-01-22 14:00:00,7419.2876
2021-01-22 14:30:00,7416.3545
2021-01-22 15:00:00,7439.8315
2021-01-22 15:30:00,7461.329
2021-01-22 16:00:00,7513.254
2021-01-22 16:30:00,7597.2344
2021-01-22 17:00:00,7663.798
2021-01-22 17:30:00,7686.6934
2021-01-22 18:00:00,7704.3945
2021-01-22 18:30:00,7671.4736
2021-01-22 19:00:00,7678.301
2021-01-22 19:30:00,7707.9663
2021-01-22 20:00:00,7654.264
2021-01-22 20:30:00,7553.482
2021-01-22 21:00:00,7445.5996
2021-01-22 21:30:00,7347.897
2021-01-22 22:00:00,7275.8604
2021-01-22 22:30:00,7241.5273
2021-01-22 23:00:00,7172.667
2021-01-22 23:30:00,7079.774
2021-01-23 00:00:00,6646.533
2021-01-23 00:30:00,6587.005
2021-01-23 01:00:00,6396.089
2021-01-23 01:30:00,6244.9053
2021-01-23 02:00:00,6170.879
2021-01-23 02:30:00,6133.447
2021-01-23 03:00:00,6116.884
2021-01-23 03:30:00,6116.5
2021-01-23 04:00:00,6125.144
2021-01-23 04:30:00,6172.346
2021-01-23 05:00:00,6235.7383
2021-01-23 05:30:00,6328.0156
2021-01-23 06:00:00,6393.859
2021-01-23 06:30:00,6544.58
2021-01-23 07:00:00,6703.981
2021-01-23 07:30:00,6852.616
2021-01-23 08:00:00,7009.348
2021-01-23 08:30:00,7097.1064
2021-01-23 09:00:00,7090.3193
2021-01-23 09:30:00,6993.912
2021-01-23 10:00:00,6910.456
2021-01-23 10:30:00,6827.5454
2021-01-23 11:00:00,6814.293
2021-01-23 11:30:00,6824.736
2021-01-23 12:00:00,6762.5713
2021-01-23 12:30:00,6723.672
2021-01-23 13:00:00,6712.549
2021-01-23 13:30:00,6672.08
2021-01-23 14:00:00,6678.3057
2021-01-23 14:30:00,6775.127
2021-01-23 15:00:00,6972.4683
2021-01-23 15:30:00,7160.7725
2021-01-23 16:00:00,7368.6426
2021-01-23 16:30:00,7570.2783
2021-01-23 17:00:00,7816.5977
2021-01-23 17:30:00,7987.685
2021-01-23 18:00:00,8177.5093
2021-01-23 18:30:00,8222.336
2021-01-23 19:00:00,8230.537
2021-01-23 19:30:00,8189.902
2021-01-23 20:00:00,8225.615
2021-01-23 20:30:00,8147.6943
2021-01-23 21:00:00,8005.7075
2021-01-23 21:30:00,7825.013
2021-01-23 22:00:00,7650.1606
2021-01-23 22:30:00,7517.965
2021-01-23 23:00:00,7287.081
2021-01-23 23:30:00,7094.2744
2021-01-24 00:00:00,7033.5635
2021-01-24 00:30:00,6870.9004
2021-01-24 01:00:00,6735.959
2021-01-24 01:30:00,6528.3496
2021-01-24 02:00:00,6339.2935
2021-01-24 02:30:00,6216.536
2021-01-24 03:00:00,6138.8564
2021-01-24 03:30:00,6093.8867
2021-01-24 04:00:00,6082.958
2021-01-24 04:30:00,6120.716
2021-01-24 05:00:00,6175.0
2021-01-24 05:30:00,6350.0557
2021-01-24 06:00:00,6475.085
2021-01-24 06:30:00,6723.866
2021-01-24 07:00:00,6936.9556
2021-01-24 07:30:00,7122.8145
2021-01-24 08:00:00,7224.8896
2021-01-24 08:30:00,7260.9053
2021-01-24 09:00:00,7283.9917
2021-01-24 09:30:00,7272.8037
2021-01-24 10:00:00,7202.7217
2021-01-24 10:30:00,7143.896
2021-01-24 11:00:00,7086.971
2021-01-24 11:30:00,7033.506
2021-01-24 12:00:00,7005.1274
2021-01-24 12:30:00,7004.6343
2021-01-24 13:00:00,6934.311
2021-01-24 13:30:00,6863.2954
2021-01-24 14:00:00,6825.405
2021-01-24 14:30:00,6787.893
2021-01-24 15:00:00,6893.213
2021-01-24 15:30:00,7075.0864
2021-01-24 16:00:00,7322.245
2021-01-24 16:30:00,7561.8413
2021-01-24 17:00:00,7899.0054
2021-01-24 17:30:00,8107.3164
2021-01-24 18:00:00,8326.031
2021-01-24 18:30:00,8378.502
2021-01-24 19:00:00,8309.024
2021-01-24 19:30:00,8286.953
2021-01-24 20:00:00,8298.493
2021-01-24 20:30:00,8173.535
2021-01-24 21:00:00,7969.678
2021-01-24 21:30:00,7786.224
2021-01-24 22:00:00,7613.562
2021-01-24 22:30:00,7488.8403
2021-01-24 23:00:00,7312.4136
2021-01-24 23:30:00,7149.418
2021-01-25 00:00:00,6899.6553
2021-01-25 00:30:00,6786.9634
2021-01-25 01:00:00,6624.528
2021-01-25 01:30:00,6400.2803
2021-01-25 02:00:00,6223.686
2021-01-25 02:30:00,6114.522
2021-01-25 03:00:00,6091.865
2021-01-25 03:30:00,6187.4434
2021-01-25 04:00:00,6228.534
2021-01-25 04:30:00,6256.281
2021-01-25 05:00:00,6309.6606
2021-01-25 05:30:00,6448.538
2021-01-25 06:00:00,6527.4297
2021-01-25 06:30:00,6908.071
2021-01-25 07:00:00,7311.1665
2021-01-25 07:30:00,7476.386
2021-01-25 08:00:00,7493.8657
2021-01-25 08:30:00,7379.2114
2021-01-25 09:00:00,7040.773
2021-01-25 09:30:00,6918.278
2021-01-25 10:00:00,6829.207
2021-01-25 10:30:00,6768.213
2021-01-25 11:00:00,6621.664
2021-01-25 11:30:00,6559.3115
2021-01-25 12:00:00,6547.386
2021-01-25 12:30:00,6572.118
2021-01-25 13:00:00,6567.7124
2021-01-25 13:30:00,6541.1367
2021-01-25 14:00:00,6572.663
2021-01-25 14:30:00,6576.231
2021-01-25 15:00:00,6613.2207
2021-01-25 15:30:00,6698.9253
2021-01-25 16:00:00,6823.408
2021-01-25 16:30:00,6953.772
2021-01-25 17:00:00,7174.0063
2021-01-25 17:30:00,7393.87
2021-01-25 18:00:00,7564.103
2021-01-25 18:30:00,7620.198
2021-01-25 19:00:00,7627.6533
2021-01-25 19:30:00,7664.633
2021-01-25 20:00:00,7679.0137
2021-01-25 20:30:00,7628.846
2021-01-25 21:00:00,7524.8535
2021-01-25 21:30:00,7354.7505
2021-01-25 22:00:00,7245.7954
2021-01-25 22:30:00,7164.33
2021-01-25 23:00:00,7001.3267
2021-01-25 23:30:00,6832.736
2021-01-26 00:00:00,6768.966
2021-01-26 00:30:00,6657.1997
2021-01-26 01:00:00,6543.7715
2021-01-26 01:30:00,6330.887
2021-01-26 02:00:00,6165.272
2021-01-26 02:30:00,6061.5605
2021-01-26 03:00:00,6029.1616
2021-01-26 03:30:00,6091.2974
2021-01-26 04:00:00,6249.8022
2021-01-26 04:30:00,6523.4556
2021-01-26 05:00:00,6860.923
2021-01-26 05:30:00,7325.0586
2021-01-26 06:00:00,7642.8154
2021-01-26 06:30:00,7830.909
2021-01-26 07:00:00,7957.6
2021-01-26 07:30:00,8039.4937
2021-01-26 08:00:00,8080.9478
2021-01-26 08:30:00,8072.9424
2021-01-26 09:00:00,8051.1533
2021-01-26 09:30:00,8061.925
2021-01-26 10:00:00,8104.4927
2021-01-26 10:30:00,8183.9033
2021-01-26 11:00:00,8332.727
2021-01-26 11:30:00,8410.573
2021-01-26 12:00:00,8464.079
2021-01-26 12:30:00,8713.024
2021-01-26 13:00:00,8861.291
2021-01-26 13:30:00,9023.2705
2021-01-26 14:00:00,9416.009
2021-01-26 14:30:00,9854.82
2021-01-26 15:00:00,9961.396
2021-01-26 15:30:00,9333.006
2021-01-26 16:00:00,9071.082
2021-01-26 16:30:00,8911.177
2021-01-26 17:00:00,8866.572
2021-01-26 17:30:00,8898.427
2021-01-26 18:00:00,8938.575
2021-01-26 18:30:00,8890.068
2021-01-26 19:00:00,8765.778
2021-01-26 19:30:00,8688.837
2021-01-26 20:00:00,8618.847
2021-01-26 20:30:00,8410.1875
2021-01-26 21:00:00,8144.8594
2021-01-26 21:30:00,7948.195
2021-01-26 22:00:00,7798.92
2021-01-26 22:30:00,7676.6055
2021-01-26 23:00:00,7493.007
2021-01-26 23:30:00,7347.416
2021-01-27 00:00:00,7146.0894
2021-01-27 00:30:00,6937.988
2021-01-27 01:00:00,6798.3403
2021-01-27 01:30:00,6593.7
2021-01-27 02:00:00,6404.2183
2021-01-27 02:30:00,6271.284
2021-01-27 03:00:00,6209.953
2021-01-27 03:30:00,6242.4
2021-01-27 04:00:00,6375.0366
2021-01-27 04:30:00,6633.697
2021-01-27 05:00:00,6995.887
2021-01-27 05:30:00,7439.834
2021-01-27 06:00:00,7765.681
2021-01-27 06:30:00,7888.5503
2021-01-27 07:00:00,7897.1323
2021-01-27 07:30:00,7832.3105
2021-01-27 08:00:00,7732.7515
2021-01-27 08:30:00,7652.987
2021-01-27 09:00:00,7586.3247
2021-01-27 09:30:00,7559.5312
2021-01-27 10:00:00,7554.6533
2021-01-27 10:30:00,7584.5195
2021-01-27 11:00:00,7680.861
2021-01-27 11:30:00,7763.562
2021-01-27 12:00:00,7900.963
2021-01-27 12:30:00,7969.601
2021-01-27 13:00:00,8079.923
2021-01-27 13:30:00,8204.554
2021-01-27 14:00:00,8363.431
2021-01-27 14:30:00,8500.564
2021-01-27 15:00:00,8547.781
2021-01-27 15:30:00,8650.407
2021-01-27 16:00:00,8854.303
2021-01-27 16:30:00,9100.854
2021-01-27 17:00:00,9305.85
2021-01-27 17:30:00,9496.649
2021-01-27 18:00:00,9634.759
2021-01-27 18:30:00,9574.382
2021-01-27 19:00:00,9382.277
2021-01-27 19:30:00,9221.53
2021-01-27 20:00:00,9133.654
2021-01-27 20:30:00,8938.554
2021-01-27 21:00:00,8723.653
2021-01-27 21:30:00,8517.445
2021-01-27 22:00:00,8298.7705
2021-01-27 22:30:00,8135.784
2021-01-27 23:00:00,7917.009
2021-01-27 23:30:00,7715.38
2021-01-28 00:00:00,7522.241
2021-01-28 00:30:00,7305.979
2021-01-28 01:00:00,7099.039
2021-01-28 01:30:00,6826.938
2021-01-28 02:00:00,6606.1494
2021-01-28 02:30:00,6485.881
2021-01-28 03:00:00,6440.8726
2021-01-28 03:30:00,6453.055
2021-01-28 04:00:00,6510.2324
2021-01-28 04:30:00,6671.104
2021-01-28 05:00:00,6966.4414
2021-01-28 05:30:00,7468.4077
2021-01-28 06:00:00,7823.048
2021-01-28 06:30:00,7951.9224
2021-01-28 07:00:00,8007.6133
2021-01-28 07:30:00,7986.1416
2021-01-28 08:00:00,7976.085
2021-01-28 08:30:00,7926.851
2021-01-28 09:00:00,7840.423
2021-01-28 09:30:00,7819.351
2021-01-28 10:00:00,7838.0986
2021-01-28 10:30:00,7815.1074
2021-01-28 11:00:00,7786.0317
2021-01-28 11:30:00,7669.2656
2021-01-28 12:00:00,7640.033
2021-01-28 12:30:00,7555.921
2021-01-28 13:00:00,7505.025
2021-01-28 13:30:00,7521.7217
2021-01-28 14:00:00,7605.1455
2021-01-28 14:30:00,7758.9062
2021-01-28 15:00:00,7965.9614
2021-01-28 15:30:00,8149.078
2021-01-28 16:00:00,8274.017
2021-01-28 16:30:00,8299.041
2021-01-28 17:00:00,8301.097
2021-01-28 17:30:00,8273.43
2021-01-28 18:00:00,8241.107
2021-01-28 18:30:00,8219.641
2021-01-28 19:00:00,8211.668
2021-01-28 19:30:00,8214.249
2021-01-28 20:00:00,8201.433
2021-01-28 20:30:00,8081.256
2021-01-28 21:00:00,7929.7983
2021-01-28 21:30:00,7772.241
2021-01-28 22:00:00,7651.5107
2021-01-28 22:30:00,7563.3765
2021-01-28 23:00:00,7429.3286
2021-01-28 23:30:00,7333.8296
2021-01-29 00:00:00,7096.799
2021-01-29 00:30:00,6937.0483
2021-01-29 01:00:00,6803.909
2021-01-29 01:30:00,6625.576
2021-01-29 02:00:00,6502.981
2021-01-29 02:30:00,6429.8916
2021-01-29 03:00:00,6410.8994
2021-01-29 03:30:00,6442.452
2021-01-29 04:00:00,6535.876
2021-01-29 04:30:00,6721.431
2021-01-29 05:00:00,6957.8843
2021-01-29 05:30:00,7352.079
2021-01-29 06:00:00,7652.1343
2021-01-29 06:30:00,7789.575
2021-01-29 07:00:00,7828.6626
2021-01-29 07:30:00,7818.727
2021-01-29 08:00:00,7796.787
2021-01-29 08:30:00,7728.586
2021-01-29 09:00:00,7683.6777
2021-01-29 09:30:00,7631.5654
2021-01-29 10:00:00,7552.5454
2021-01-29 10:30:00,7527.8022
2021-01-29 11:00:00,7473.3335
2021-01-29 11:30:00,7408.2754
2021-01-29 12:00:00,7394.636
2021-01-29 12:30:00,7357.2476
2021-01-29 13:00:00,7350.502
2021-01-29 13:30:00,7305.3223
2021-01-29 14:00:00,7286.8145
2021-01-29 14:30:00,7317.0137
2021-01-29 15:00:00,7357.3564
2021-01-29 15:30:00,7497.6865
2021-01-29 16:00:00,7683.4688
2021-01-29 16:30:00,7801.594
2021-01-29 17:00:00,7912.1455
2021-01-29 17:30:00,7998.2407
2021-01-29 18:00:00,8073.215
2021-01-29 18:30:00,8059.1226
2021-01-29 19:00:00,7983.996
2021-01-29 19:30:00,8000.703
2021-01-29 20:00:00,7984.055
2021-01-29 20:30:00,7883.6357
2021-01-29 21:00:00,7726.055
2021-01-29 21:30:00,7587.915
2021-01-29 22:00:00,7490.66
2021-01-29 22:30:00,7423.4585
2021-01-29 23:00:00,7312.755
2021-01-29 23:30:00,7239.557
2021-01-30 00:00:00,7043.8657
2021-01-30 00:30:00,6898.2886
2021-01-30 01:00:00,6768.704
2021-01-30 01:30:00,6587.3887
2021-01-30 02:00:00,6464.021
2021-01-30 02:30:00,6408.3276
2021-01-30 03:00:00,6397.6772
2021-01-30 03:30:00,6435.036
2021-01-30 04:00:00,6548.475
2021-01-30 04:30:00,6706.296
2021-01-30 05:00:00,6938.7183
2021-01-30 05:30:00,7335.042
2021-01-30 06:00:00,7596.3857
2021-01-30 06:30:00,7746.7266
2021-01-30 07:00:00,7815.5566
2021-01-30 07:30:00,7809.177
2021-01-30 08:00:00,7777.5776
2021-01-30 08:30:00,7737.245
2021-01-30 09:00:00,7674.142
2021-01-30 09:30:00,7607.702
2021-01-30 10:00:00,7518.404
2021-01-30 10:30:00,7433.499
2021-01-30 11:00:00,7380.0073
2021-01-30 11:30:00,7306.3496
2021-01-30 12:00:00,7287.024
2021-01-30 12:30:00,7236.3843
2021-01-30 13:00:00,7183.088
2021-01-30 13:30:00,7143.0527
2021-01-30 14:00:00,7142.49
2021-01-30 14:30:00,7139.8564
2021-01-30 15:00:00,7159.803
2021-01-30 15:30:00,7184.601
2021-01-30 16:00:00,7255.4443
2021-01-30 16:30:00,7365.2734
2021-01-30 17:00:00,7574.9775
2021-01-30 17:30:00,7763.68
2021-01-30 18:00:00,7888.02
2021-01-30 18:30:00,7901.383
2021-01-30 19:00:00,7890.1636
2021-01-30 19:30:00,7911.8755
2021-01-30 20:00:00,7867.327
2021-01-30 20:30:00,7772.4067
2021-01-30 21:00:00,7649.1855
2021-01-30 21:30:00,7539.892
2021-01-30 22:00:00,7465.2046
2021-01-30 22:30:00,7434.016
2021-01-30 23:00:00,7337.6733
2021-01-30 23:30:00,7249.254
2021-01-31 00:00:00,6844.6055
2021-01-31 00:30:00,6774.8716
2021-01-31 01:00:00,6643.5312
2021-01-31 01:30:00,6448.8223
2021-01-31 02:00:00,6298.7163
2021-01-31 02:30:00,6224.953
2021-01-31 03:00:00,6189.326
2021-01-31 03:30:00,6174.6123
2021-01-31 04:00:00,6174.766
2021-01-31 04:30:00,6234.935
2021-01-31 05:00:00,6365.329
2021-01-31 05:30:00,6496.896
2021-01-31 06:00:00,6626.1973
2021-01-31 06:30:00,6693.9165
2021-01-31 07:00:00,6729.115
2021-01-31 07:30:00,6752.8877
2021-01-31 08:00:00,6762.639
2021-01-31 08:30:00,6750.5537
2021-01-31 09:00:00,6752.3125
2021-01-31 09:30:00,6722.099
2021-01-31 10:00:00,6647.633
2021-01-31 10:30:00,6575.3525
2021-01-31 11:00:00,6493.8213
2021-01-31 11:30:00,6368.0776
2021-01-31 12:00:00,6278.249
2021-01-31 12:30:00,6259.9424
2021-01-31 13:00:00,6331.0957
2021-01-31 13:30:00,6459.0913
2021-01-31 14:00:00,6563.87
2021-01-31 14:30:00,6690.748
2021-01-31 15:00:00,6826.2188
2021-01-31 15:30:00,6976.2593
2021-01-31 16:00:00,7120.827
2021-01-31 16:30:00,7298.7583
2021-01-31 17:00:00,7540.017
2021-01-31 17:30:00,7748.221
2021-01-31 18:00:00,7900.347
2021-01-31 18:30:00,7948.1357
2021-01-31 19:00:00,7902.7524
2021-01-31 19:30:00,7860.041
2021-01-31 20:00:00,7842.2188
2021-01-31 20:30:00,7759.0273
2021-01-31 21:00:00,7607.3516
2021-01-31 21:30:00,7463.4644
2021-01-31 22:00:00,7351.1533
2021-01-31 22:30:00,7274.9194
2021-01-31 23:00:00,7149.025
2021-01-31 23:30:00,7046.7935
