INTERVAL_DATETIME,REGIONID,POWER
2021-01-20,NSW1,0.0
2021-01-20,QLD1,0.0
2021-01-20,SA1,0.0
2021-01-20,TAS1,0.0
2021-01-20,VIC1,0.0
2021-01-21,NSW1,2397.827
2021-01-21,QLD1,1605.92
2021-01-21,SA1,1096.779
2021-01-21,TAS1,131.384
2021-01-21,VIC1,1733.373
2021-01-22,NSW1,2418.218
2021-01-22,QLD1,2258.528
2021-01-22,SA1,1110.035
2021-01-22,TAS1,98.377
2021-01-22,VIC1,1744.115
2021-01-23,NSW1,2423.562
2021-01-23,QLD1,2325.102
2021-01-23,SA1,1049.206
2021-01-23,TAS1,125.712
2021-01-23,VIC1,1750.523
2021-01-24,NSW1,2338.738
2021-01-24,QLD1,2236.669
2021-01-24,SA1,924.029
2021-01-24,TAS1,126.036
2021-01-24,VIC1,1408.879
2021-01-25,NSW1,2306.419
2021-01-25,QLD1,2004.666
2021-01-25,SA1,373.698
2021-01-25,TAS1,85.385
2021-01-25,VIC1,1430.899
2021-01-26,NSW1,2106.039
2021-01-26,QLD1,2376.6
2021-01-26,SA1,778.304
2021-01-26,TAS1,114.455
2021-01-26,VIC1,739.623
2021-01-27,NSW1,1163.089
2021-01-27,QLD1,2290.486
2021-01-27,SA1,1043.451
2021-01-27,TAS1,116.919
2021-01-27,VIC1,1790.715
2021-01-28,NSW1,1102.094
2021-01-28,QLD1,2198.421
2021-01-28,SA1,963.88
2021-01-28,TAS1,130.307
2021-01-28,VIC1,813.363
2021-01-29,NSW1,891.742
2021-01-29,QLD1,2166.661
2021-01-29,SA1,1092.042
2021-01-29,TAS1,57.352
2021-01-29,VIC1,594.511
2021-01-30,NSW1,1837.011
2021-01-30,QLD1,2146.757
2021-01-30,SA1,1043.607
2021-01-30,TAS1,102.849
2021-01-30,VIC1,1499.623
2021-01-31,NSW1,1254.28
2021-01-31,QLD1,1983.105
2021-01-31,SA1,990.26
2021-01-31,TAS1,108.408
2021-01-31,VIC1,1710.433
2021-02-01,NSW1,1989.672
2021-02-01,QLD1,2052.601
2021-02-01,SA1,1096.651
2021-02-01,TAS1,65.447
2021-02-01,VIC1,830.096
2021-02-02,NSW1,1817.088
2021-02-02,QLD1,1111.131
2021-02-02,SA1,1113.787
2021-02-02,TAS1,114.683
2021-02-02,VIC1,1353.074
2021-02-03,NSW1,2122.761
2021-02-03,QLD1,2025.064
2021-02-03,SA1,1097.356
2021-02-03,TAS1,134.116
2021-02-03,VIC1,1667.753
2021-02-04,NSW1,2374.03
2021-02-04,QLD1,2366.25
2021-02-04,SA1,566.536
2021-02-04,TAS1,113.479
2021-02-04,VIC1,1300.428
2021-02-05,NSW1,2243.395
2021-02-05,QLD1,2357.911
2021-02-05,SA1,612.776
2021-02-05,TAS1,48.115
2021-02-05,VIC1,1022.588
2021-02-06,NSW1,1183.735
2021-02-06,QLD1,2178.039
2021-02-06,SA1,570.358
2021-02-06,TAS1,99.888
2021-02-06,VIC1,1242.146
2021-02-07,NSW1,2238.619
2021-02-07,QLD1,2350.247
2021-02-07,SA1,703.891
2021-02-07,TAS1,122.489
2021-02-07,VIC1,1221.495
2021-02-08,NSW1,1581.961
2021-02-08,QLD1,1770.793
2021-02-08,SA1,1100.642
2021-02-08,TAS1,102.929
2021-02-08,VIC1,1292.843
2021-02-09,NSW1,1739.922
2021-02-09,QLD1,1818.395
2021-02-09,SA1,924.962
2021-02-09,TAS1,93.769
2021-02-09,VIC1,1777.179
2021-02-10,NSW1,1827.32
2021-02-10,QLD1,1807.802
2021-02-10,SA1,1051.499
2021-02-10,TAS1,134.584
2021-02-10,VIC1,1735.884
2021-02-11,NSW1,2424.317
2021-02-11,QLD1,1845.542
2021-02-11,SA1,544.911
2021-02-11,TAS1,92.126
2021-02-11,VIC1,1307.89
2021-02-12,NSW1,1797.17
2021-02-12,QLD1,2093.023
2021-02-12,SA1,989.664
2021-02-12,TAS1,115.064
2021-02-12,VIC1,1349.184
2021-02-13,NSW1,1061.646
2021-02-13,QLD1,2405.565
2021-02-13,SA1,953.026
2021-02-13,TAS1,105.952
2021-02-13,VIC1,1237.03
2021-02-14,NSW1,2101.474
2021-02-14,QLD1,1664.536
2021-02-14,SA1,1110.554
2021-02-14,TAS1,126.86
2021-02-14,VIC1,1473.112
2021-02-15,NSW1,1843.303
2021-02-15,QLD1,2025.918
2021-02-15,SA1,1120.636
2021-02-15,TAS1,67.521
2021-02-15,VIC1,1730.919
2021-02-16,NSW1,1857.807
2021-02-16,QLD1,1883.969
2021-02-16,SA1,1107.706
2021-02-16,TAS1,133.216
2021-02-16,VIC1,1587.194
2021-02-17,NSW1,1860.189
2021-02-17,QLD1,2014.196
2021-02-17,SA1,1019.304
2021-02-17,TAS1,126.587
2021-02-17,VIC1,1656.443
2021-02-18,NSW1,1620.538
2021-02-18,QLD1,1612.166
2021-02-18,SA1,1085.554
2021-02-18,TAS1,130.731
2021-02-18,VIC1,1716.898
2021-02-19,NSW1,1807.503
2021-02-19,QLD1,1642.157
2021-02-19,SA1,903.764
2021-02-19,TAS1,127.326
2021-02-19,VIC1,1724.429
2021-02-20,NSW1,2012.561
2021-02-20,QLD1,1531.002
2021-02-20,SA1,1020.533
2021-02-20,TAS1,111.559
2021-02-20,VIC1,1162.768
2021-02-21,NSW1,2071.908
2021-02-21,QLD1,2116.851
2021-02-21,SA1,1069.933
2021-02-21,TAS1,124.985
2021-02-21,VIC1,901.451
2021-02-22,NSW1,2282.879
2021-02-22,QLD1,2510.714
2021-02-22,SA1,1029.424
2021-02-22,TAS1,106.156
2021-02-22,VIC1,1444.874
2021-02-23,NSW1,1262.34
2021-02-23,QLD1,2510.458
2021-02-23,SA1,1003.941
2021-02-23,TAS1,113.493
2021-02-23,VIC1,1460.383
2021-02-24,NSW1,1231.159
2021-02-24,QLD1,2015.743
2021-02-24,SA1,1014.576
2021-02-24,TAS1,129.665
2021-02-24,VIC1,1559.827
2021-02-25,NSW1,1540.871
2021-02-25,QLD1,1772.217
2021-02-25,SA1,1027.189
2021-02-25,TAS1,101.098
2021-02-25,VIC1,1725.244
2021-02-26,NSW1,2506.763
2021-02-26,QLD1,2075.727
2021-02-26,SA1,880.537
2021-02-26,TAS1,101.127
2021-02-26,VIC1,1546.327
2021-02-27,NSW1,1228.018
2021-02-27,QLD1,1636.354
2021-02-27,SA1,1083.577
2021-02-27,TAS1,100.367
2021-02-27,VIC1,985.064
2021-02-28,NSW1,2372.737
2021-02-28,QLD1,1730.191
2021-02-28,SA1,1079.321
2021-02-28,TAS1,128.292
2021-02-28,VIC1,1688.218
2021-03-01,NSW1,2412.703
2021-03-01,QLD1,1082.989
2021-03-01,SA1,991.953
2021-03-01,TAS1,78.874
2021-03-01,VIC1,1294.038
2021-03-02,NSW1,2263.444
2021-03-02,QLD1,2288.603
2021-03-02,SA1,1004.595
2021-03-02,TAS1,113.426
2021-03-02,VIC1,1240.883
2021-03-03,NSW1,1844.373
2021-03-03,QLD1,1468.448
2021-03-03,SA1,1105.163
2021-03-03,TAS1,99.237
2021-03-03,VIC1,1124.052
2021-03-17,NSW1,0.0
2021-03-17,QLD1,0.0
2021-03-17,SA1,0.0
2021-03-17,TAS1,0.0
2021-03-17,VIC1,0.0
2021-03-18,NSW1,655.595
2021-03-18,QLD1,1718.27
2021-03-18,SA1,1040.468
2021-03-18,TAS1,94.127
2021-03-18,VIC1,1454.828
2021-03-19,NSW1,1375.886
2021-03-19,QLD1,2052.981
2021-03-19,SA1,982.99
2021-03-19,TAS1,124.712
2021-03-19,VIC1,1567.399
2021-03-20,NSW1,780.029
2021-03-20,QLD1,1821.108
2021-03-20,SA1,974.184
2021-03-20,TAS1,108.587
2021-03-20,VIC1,1390.02
2021-03-21,NSW1,536.302
2021-03-21,QLD1,1473.186
2021-03-21,SA1,945.073
2021-03-21,TAS1,111.631
2021-03-21,VIC1,564.966
2021-03-22,NSW1,461.078
2021-03-22,QLD1,906.716
2021-03-22,SA1,889.876
2021-03-22,TAS1,91.982
2021-03-22,VIC1,725.093
2021-03-23,NSW1,608.616
2021-03-23,QLD1,898.142
2021-03-23,SA1,1022.528
2021-03-23,TAS1,93.552
2021-03-23,VIC1,767.447
2021-03-24,NSW1,1945.711
2021-03-24,QLD1,1990.476
2021-03-24,SA1,900.365
2021-03-24,TAS1,14.518
2021-03-24,VIC1,818.39
2021-03-25,NSW1,2041.888
2021-03-25,QLD1,2452.666
2021-03-25,SA1,837.415
2021-03-25,TAS1,67.434
2021-03-25,VIC1,1097.451
2021-03-26,NSW1,2169.763
2021-03-26,QLD1,2402.934
2021-03-26,SA1,606.974
2021-03-26,TAS1,107.11
2021-03-26,VIC1,1339.979
2021-03-27,NSW1,2114.778
2021-03-27,QLD1,2053.522
2021-03-27,SA1,874.373
2021-03-27,TAS1,104.29
2021-03-27,VIC1,1272.219
2021-03-28,NSW1,2138.534
2021-03-28,QLD1,2176.484
2021-03-28,SA1,814.136
2021-03-28,TAS1,104.889
2021-03-28,VIC1,1190.109
2021-03-29,NSW1,2092.255
2021-03-29,QLD1,2125.365
2021-03-29,SA1,990.268
2021-03-29,TAS1,85.32
2021-03-29,VIC1,1437.601
2021-03-30,NSW1,1950.117
2021-03-30,QLD1,1743.847
2021-03-30,SA1,968.033
2021-03-30,TAS1,119.028
2021-03-30,VIC1,1640.032
2021-03-31,NSW1,2006.565
2021-03-31,QLD1,1835.094
2021-03-31,SA1,976.726
2021-03-31,TAS1,117.169
2021-03-31,VIC1,1600.481
2021-04-01,NSW1,1810.951
2021-04-01,QLD1,1709.112
2021-04-01,SA1,973.373
2021-04-01,TAS1,91.464
2021-04-01,VIC1,1583.865
2021-04-02,NSW1,2109.366
2021-04-02,QLD1,1808.692
2021-04-02,SA1,963.248
2021-04-02,TAS1,85.289
2021-04-02,VIC1,1539.796
2021-04-03,NSW1,2053.455
2021-04-03,QLD1,1216.326
2021-04-03,SA1,961.634
2021-04-03,TAS1,120.316
2021-04-03,VIC1,1572.437
2021-04-04,NSW1,1941.813
2021-04-04,QLD1,711.745
2021-04-04,SA1,962.161
2021-04-04,TAS1,123.509
2021-04-04,VIC1,1537.104
2021-04-05,NSW1,1803.522
2021-04-05,QLD1,877.293
2021-04-05,SA1,960.506
2021-04-05,TAS1,105.993
2021-04-05,VIC1,1334.517
2021-04-06,NSW1,1483.234
2021-04-06,QLD1,1271.711
2021-04-06,SA1,967.961
2021-04-06,TAS1,119.111
2021-04-06,VIC1,1197.767
2021-04-07,NSW1,1441.456
2021-04-07,QLD1,1711.832
2021-04-07,SA1,946.599
2021-04-07,TAS1,117.354
2021-04-07,VIC1,1373.685
2021-04-08,NSW1,1806.239
2021-04-08,QLD1,1977.205
2021-04-08,SA1,886.19
2021-04-08,TAS1,69.622
2021-04-08,VIC1,1467.856
2021-04-09,NSW1,1717.845
2021-04-09,QLD1,2304.081
2021-04-09,SA1,846.652
2021-04-09,TAS1,100.099
2021-04-09,VIC1,1035.049
2021-04-10,NSW1,2071.644
2021-04-10,QLD1,2288.434
2021-04-10,SA1,660.568
2021-04-10,TAS1,104.201
2021-04-10,VIC1,983.003
2021-04-11,NSW1,2216.612
2021-04-11,QLD1,2113.373
2021-04-11,SA1,592.636
2021-04-11,TAS1,77.68
2021-04-11,VIC1,1072.291
2021-04-12,NSW1,2328.302
2021-04-12,QLD1,2357.393
2021-04-12,SA1,945.88
2021-04-12,TAS1,80.218
2021-04-12,VIC1,1005.18
2021-04-13,NSW1,2222.985
2021-04-13,QLD1,2062.413
2021-04-13,SA1,587.376
2021-04-13,TAS1,70.801
2021-04-13,VIC1,962.483
2021-04-14,NSW1,1837.208
2021-04-14,QLD1,2173.957
2021-04-14,SA1,770.601
2021-04-14,TAS1,96.889
2021-04-14,VIC1,1138.716
2021-04-15,NSW1,2163.48
2021-04-15,QLD1,2253.92
2021-04-15,SA1,765.111
2021-04-15,TAS1,93.966
2021-04-15,VIC1,1182.443
2021-04-16,NSW1,1841.784
2021-04-16,QLD1,2207.758
2021-04-16,SA1,704.177
2021-04-16,TAS1,105.79
2021-04-16,VIC1,878.528
2021-04-17,NSW1,930.295
2021-04-17,QLD1,1314.093
2021-04-17,SA1,797.288
2021-04-17,TAS1,81.863
2021-04-17,VIC1,985.984
2021-04-18,NSW1,1902.786
2021-04-18,QLD1,1915.402
2021-04-18,SA1,453.763
2021-04-18,TAS1,77.054
2021-04-18,VIC1,812.853
2021-04-19,NSW1,2109.198
2021-04-19,QLD1,2015.874
2021-04-19,SA1,551.722
2021-04-19,TAS1,79.796
2021-04-19,VIC1,913.934
2021-04-20,NSW1,1927.858
2021-04-20,QLD1,1982.647
2021-04-20,SA1,615.904
2021-04-20,TAS1,29.83
2021-04-20,VIC1,589.465
2021-04-21,NSW1,2156.743
2021-04-21,QLD1,2090.06
2021-04-21,SA1,612.446
2021-04-21,TAS1,107.746
2021-04-21,VIC1,1232.427
2021-04-22,NSW1,2022.222
2021-04-22,QLD1,1144.392
2021-04-22,SA1,707.678
2021-04-22,TAS1,84.843
2021-04-22,VIC1,824.263
2021-04-23,NSW1,2054.966
2021-04-23,QLD1,1963.819
2021-04-23,SA1,603.589
2021-04-23,TAS1,72.377
2021-04-23,VIC1,888.643
2021-04-24,NSW1,1981.557
2021-04-24,QLD1,1786.4
2021-04-24,SA1,690.983
2021-04-24,TAS1,80.375
2021-04-24,VIC1,881.346
2021-04-25,NSW1,1935.089
2021-04-25,QLD1,1765.01
2021-04-25,SA1,764.924
2021-04-25,TAS1,78.526
2021-04-25,VIC1,1047.715
2021-04-26,NSW1,1933.322
2021-04-26,QLD1,1727.379
2021-04-26,SA1,845.342
2021-04-26,TAS1,98.352
2021-04-26,VIC1,858.572
2021-04-27,NSW1,1853.671
2021-04-27,QLD1,1863.0
2021-04-27,SA1,779.957
2021-04-27,TAS1,98.948
2021-04-27,VIC1,849.011
2021-04-28,NSW1,1559.637
2021-04-28,QLD1,1709.485
2021-04-28,SA1,863.944
2021-04-28,TAS1,82.333
2021-04-28,VIC1,1289.931
2021-04-29,NSW1,1891.581
2021-04-29,QLD1,1705.027
2021-04-29,SA1,839.352
2021-04-29,TAS1,70.262
2021-04-29,VIC1,1337.714
2021-04-30,NSW1,1744.499
2021-04-30,QLD1,1600.791
2021-04-30,SA1,856.661
2021-04-30,TAS1,78.505
2021-04-30,VIC1,1325.48
2021-05-01,NSW1,1498.597
2021-05-01,QLD1,1064.395
2021-05-01,SA1,597.709
2021-05-01,TAS1,88.836
2021-05-01,VIC1,1143.747
2021-05-02,NSW1,1512.551
2021-05-02,QLD1,1357.133
2021-05-02,SA1,726.947
2021-05-02,TAS1,86.829
2021-05-02,VIC1,1057.484
2021-05-03,NSW1,1846.009
2021-05-03,QLD1,1705.415
2021-05-03,SA1,629.964
2021-05-03,TAS1,47.718
2021-05-03,VIC1,708.779
2021-05-04,NSW1,659.997
2021-05-04,QLD1,1955.0
2021-05-04,SA1,639.858
2021-05-04,TAS1,97.787
2021-05-04,VIC1,498.985
2021-05-05,NSW1,807.804
2021-05-05,QLD1,946.214
2021-05-05,SA1,757.77
2021-05-05,TAS1,90.119
2021-05-05,VIC1,1225.85
2021-05-06,NSW1,1152.302
2021-05-06,QLD1,2153.672
2021-05-06,SA1,588.177
2021-05-06,TAS1,85.367
2021-05-06,VIC1,1232.409
2021-05-07,NSW1,1339.446
2021-05-07,QLD1,2131.36
2021-05-07,SA1,574.246
2021-05-07,TAS1,51.571
2021-05-07,VIC1,960.663
2021-05-08,NSW1,1585.382
2021-05-08,QLD1,1994.549
2021-05-08,SA1,362.69
2021-05-08,TAS1,74.852
2021-05-08,VIC1,1239.425
2021-05-09,NSW1,1017.032
2021-05-09,QLD1,1587.912
2021-05-09,SA1,650.714
2021-05-09,TAS1,64.481
2021-05-09,VIC1,987.963
2021-05-10,NSW1,1841.246
2021-05-10,QLD1,2033.487
2021-05-10,SA1,625.561
2021-05-10,TAS1,24.957
2021-05-10,VIC1,405.691
2021-05-11,NSW1,1108.219
2021-05-11,QLD1,1887.255
2021-05-11,SA1,503.982
2021-05-11,TAS1,66.993
2021-05-11,VIC1,631.943
2021-05-12,NSW1,1561.484
2021-05-12,QLD1,1447.154
2021-05-12,SA1,806.361
2021-05-12,TAS1,67.086
2021-05-12,VIC1,1233.007
2021-05-13,NSW1,1917.736
2021-05-13,QLD1,2172.146
2021-05-13,SA1,491.413
2021-05-13,TAS1,30.13
2021-05-13,VIC1,888.731
2021-05-14,NSW1,2000.203
2021-05-14,QLD1,2173.874
2021-05-14,SA1,611.311
2021-05-14,TAS1,72.493
2021-05-14,VIC1,977.642
2021-05-15,NSW1,1589.933
2021-05-15,QLD1,2104.956
2021-05-15,SA1,455.889
2021-05-15,TAS1,92.751
2021-05-15,VIC1,1044.093
2021-05-16,NSW1,1994.176
2021-05-16,QLD1,2150.66
2021-05-16,SA1,512.004
2021-05-16,TAS1,67.052
2021-05-16,VIC1,834.359
2021-05-17,NSW1,1882.403
2021-05-17,QLD1,2199.463
2021-05-17,SA1,486.405
2021-05-17,TAS1,81.356
2021-05-17,VIC1,827.961
2021-05-18,NSW1,1905.595
2021-05-18,QLD1,1994.797
2021-05-18,SA1,806.1
2021-05-18,TAS1,96.845
2021-05-18,VIC1,802.918
2021-05-19,NSW1,1890.524
2021-05-19,QLD1,1528.198
2021-05-19,SA1,649.533
2021-05-19,TAS1,38.372
2021-05-19,VIC1,1175.446
2021-05-20,NSW1,1794.152
2021-05-20,QLD1,1899.383
2021-05-20,SA1,640.724
2021-05-20,TAS1,84.937
2021-05-20,VIC1,578.913
2021-05-21,NSW1,1135.749
2021-05-21,QLD1,1923.479
2021-05-21,SA1,770.812
2021-05-21,TAS1,92.985
2021-05-21,VIC1,1290.972
2021-05-22,NSW1,1771.433
2021-05-22,QLD1,1752.542
2021-05-22,SA1,778.297
2021-05-22,TAS1,65.096
2021-05-22,VIC1,1296.187
2021-05-23,NSW1,1655.116
2021-05-23,QLD1,1727.887
2021-05-23,SA1,720.436
2021-05-23,TAS1,75.295
2021-05-23,VIC1,1246.224
2021-05-24,NSW1,1288.313
2021-05-24,QLD1,1870.765
2021-05-24,SA1,549.596
2021-05-24,TAS1,59.513
2021-05-24,VIC1,1063.139
2021-05-25,NSW1,1757.336
2021-05-25,QLD1,1893.808
2021-05-25,SA1,618.119
2021-05-25,TAS1,33.152
2021-05-25,VIC1,568.615
2021-05-26,NSW1,1797.923
2021-05-26,QLD1,1968.022
2021-05-26,SA1,652.268
2021-05-26,TAS1,62.545
2021-05-26,VIC1,739.02
2021-05-27,NSW1,1860.906
2021-05-27,QLD1,1924.285
2021-05-27,SA1,570.744
2021-05-27,TAS1,78.403
2021-05-27,VIC1,806.646
2021-05-28,NSW1,1973.853
2021-05-28,QLD1,2104.377
2021-05-28,SA1,429.778
2021-05-28,TAS1,65.131
2021-05-28,VIC1,813.328
2021-05-29,NSW1,1821.687
2021-05-29,QLD1,1961.95
2021-05-29,SA1,792.543
2021-05-29,TAS1,74.489
2021-05-29,VIC1,1032.05
2021-05-30,NSW1,1426.11
2021-05-30,QLD1,1768.06
2021-05-30,SA1,809.173
2021-05-30,TAS1,64.656
2021-05-30,VIC1,1279.806
2021-05-31,NSW1,1896.881
2021-05-31,QLD1,1866.062
2021-05-31,SA1,304.092
2021-05-31,TAS1,65.958
2021-05-31,VIC1,1279.468
2021-06-01,NSW1,1541.321
2021-06-01,QLD1,1796.403
2021-06-01,SA1,493.405
2021-06-01,TAS1,34.698
2021-06-01,VIC1,822.05
2021-06-02,NSW1,1651.64
2021-06-02,QLD1,1653.145
2021-06-02,SA1,667.928
2021-06-02,TAS1,60.09
2021-06-02,VIC1,1088.549
2021-06-03,NSW1,404.469
2021-06-03,QLD1,1223.186
2021-06-03,SA1,581.94
2021-06-03,TAS1,49.976
2021-06-03,VIC1,983.216
2021-06-04,NSW1,1518.827
2021-06-04,QLD1,1905.193
2021-06-04,SA1,674.121
2021-06-04,TAS1,77.682
2021-06-04,VIC1,896.712
2021-06-05,NSW1,1897.406
2021-06-05,QLD1,2059.064
2021-06-05,SA1,441.537
2021-06-05,TAS1,26.522
2021-06-05,VIC1,882.328
2021-06-06,NSW1,1838.374
2021-06-06,QLD1,1923.092
2021-06-06,SA1,654.184
2021-06-06,TAS1,48.826
2021-06-06,VIC1,631.211
2021-06-07,NSW1,1803.88
2021-06-07,QLD1,1944.984
2021-06-07,SA1,689.03
2021-06-07,TAS1,44.22
2021-06-07,VIC1,788.612
2021-06-08,NSW1,1106.14
2021-06-08,QLD1,1431.719
2021-06-08,SA1,599.087
2021-06-08,TAS1,33.699
2021-06-08,VIC1,626.182
2021-06-09,NSW1,1441.332
2021-06-09,QLD1,1671.535
2021-06-09,SA1,665.528
2021-06-09,TAS1,39.812
2021-06-09,VIC1,293.759
2021-06-10,NSW1,699.406
2021-06-10,QLD1,2137.008
2021-06-10,SA1,406.076
2021-06-10,TAS1,18.652
2021-06-10,VIC1,533.229
2021-06-11,NSW1,1635.25
2021-06-11,QLD1,1794.606
2021-06-11,SA1,402.222
2021-06-11,TAS1,30.415
2021-06-11,VIC1,822.446
2021-06-12,NSW1,1538.851
2021-06-12,QLD1,1884.662
2021-06-12,SA1,277.992
2021-06-12,TAS1,38.967
2021-06-12,VIC1,644.043
2021-06-13,NSW1,1659.155
2021-06-13,QLD1,1865.124
2021-06-13,SA1,684.811
2021-06-13,TAS1,53.979
2021-06-13,VIC1,764.489
2021-06-14,NSW1,1597.268
2021-06-14,QLD1,1788.277
2021-06-14,SA1,537.73
2021-06-14,TAS1,34.959
2021-06-14,VIC1,690.875
2021-06-15,NSW1,1405.398
2021-06-15,QLD1,1826.855
2021-06-15,SA1,612.276
2021-06-15,TAS1,39.477
2021-06-15,VIC1,792.75
2021-06-16,NSW1,1736.937
2021-06-16,QLD1,1825.172
2021-06-16,SA1,382.761
2021-06-16,TAS1,34.035
2021-06-16,VIC1,625.196
2021-06-17,NSW1,1702.026
2021-06-17,QLD1,1974.901
2021-06-17,SA1,498.11
2021-06-17,TAS1,39.425
2021-06-17,VIC1,647.128
2021-06-18,NSW1,1554.357
2021-06-18,QLD1,2047.266
2021-06-18,SA1,557.132
2021-06-18,TAS1,58.437
2021-06-18,VIC1,486.352
2021-06-19,NSW1,1029.649
2021-06-19,QLD1,2039.328
2021-06-19,SA1,492.085
2021-06-19,TAS1,70.768
2021-06-19,VIC1,942.84
2021-06-20,NSW1,1165.157
2021-06-20,QLD1,1977.95
2021-06-20,SA1,616.291
2021-06-20,TAS1,57.729
2021-06-20,VIC1,1037.981
2021-06-21,NSW1,1414.219
2021-06-21,QLD1,2021.357
2021-06-21,SA1,755.171
2021-06-21,TAS1,50.573
2021-06-21,VIC1,1204.344
2021-06-22,NSW1,1508.758
2021-06-22,QLD1,1873.724
2021-06-22,SA1,255.053
2021-06-22,TAS1,46.781
2021-06-22,VIC1,970.409
2021-06-23,NSW1,1211.007
2021-06-23,QLD1,1686.257
2021-06-23,SA1,443.413
2021-06-23,TAS1,24.515
2021-06-23,VIC1,480.906
2021-06-24,NSW1,950.781
2021-06-24,QLD1,1461.971
2021-06-24,SA1,537.218
2021-06-24,TAS1,56.633
2021-06-24,VIC1,906.14
2021-06-25,NSW1,1473.797
2021-06-25,QLD1,677.108
2021-06-25,SA1,565.535
2021-06-25,TAS1,58.755
2021-06-25,VIC1,408.782
2021-06-26,NSW1,1565.532
2021-06-26,QLD1,686.901
2021-06-26,SA1,484.068
2021-06-26,TAS1,79.945
2021-06-26,VIC1,764.612
2021-06-27,NSW1,1845.784
2021-06-27,QLD1,1747.129
2021-06-27,SA1,302.644
2021-06-27,TAS1,72.65
2021-06-27,VIC1,844.572
2021-06-28,NSW1,1333.341
2021-06-28,QLD1,1966.802
2021-06-28,SA1,611.725
2021-06-28,TAS1,83.528
2021-06-28,VIC1,1033.176
2021-06-29,NSW1,1266.673
2021-06-29,QLD1,1575.219
2021-06-29,SA1,738.551
2021-06-29,TAS1,64.913
2021-06-29,VIC1,1116.98
2021-06-30,NSW1,1396.276
2021-06-30,QLD1,1573.542
2021-06-30,SA1,758.615
2021-06-30,TAS1,79.791
2021-06-30,VIC1,971.464
2021-07-01,NSW1,1078.842
2021-07-01,QLD1,1400.61
2021-07-01,SA1,613.04
2021-07-01,TAS1,67.359
2021-07-01,VIC1,1106.17
2021-07-02,NSW1,1502.532
2021-07-02,QLD1,1291.107
2021-07-02,SA1,682.615
2021-07-02,TAS1,25.827
2021-07-02,VIC1,709.492
2021-07-03,NSW1,1498.356
2021-07-03,QLD1,512.101
2021-07-03,SA1,607.474
2021-07-03,TAS1,75.202
2021-07-03,VIC1,852.43
2021-07-04,NSW1,1788.111
2021-07-04,QLD1,1939.014
2021-07-04,SA1,638.156
2021-07-04,TAS1,52.684
2021-07-04,VIC1,609.319
2021-07-05,NSW1,1859.91
2021-07-05,QLD1,2041.714
2021-07-05,SA1,560.24
2021-07-05,TAS1,85.06
2021-07-05,VIC1,687.563
2021-07-06,NSW1,1649.657
2021-07-06,QLD1,1798.435
2021-07-06,SA1,696.678
2021-07-06,TAS1,58.755
2021-07-06,VIC1,676.132
2021-07-07,NSW1,1930.359
2021-07-07,QLD1,1917.868
2021-07-07,SA1,762.307
2021-07-07,TAS1,83.769
2021-07-07,VIC1,978.138
2021-07-08,NSW1,1585.831
2021-07-08,QLD1,1496.718
2021-07-08,SA1,735.067
2021-07-08,TAS1,70.814
2021-07-08,VIC1,1152.457
2021-07-09,NSW1,670.879
2021-07-09,QLD1,1279.551
2021-07-09,SA1,465.293
2021-07-09,TAS1,87.774
2021-07-09,VIC1,1205.865
2021-07-10,NSW1,1214.924
2021-07-10,QLD1,2169.138
2021-07-10,SA1,737.168
2021-07-10,TAS1,88.272
2021-07-10,VIC1,1091.161
2021-07-11,NSW1,1638.686
2021-07-11,QLD1,2059.744
2021-07-11,SA1,412.774
2021-07-11,TAS1,88.62
2021-07-11,VIC1,1158.468
2021-07-12,NSW1,1694.549
2021-07-12,QLD1,1836.328
2021-07-12,SA1,378.817
2021-07-12,TAS1,50.044
2021-07-12,VIC1,1038.54
2021-07-13,NSW1,1791.395
2021-07-13,QLD1,2020.892
2021-07-13,SA1,692.926
2021-07-13,TAS1,56.386
2021-07-13,VIC1,791.777
2021-07-14,NSW1,573.965
2021-07-14,QLD1,1711.479
2021-07-14,SA1,682.366
2021-07-14,TAS1,29.592
2021-07-14,VIC1,540.403
2021-07-15,NSW1,1496.602
2021-07-15,QLD1,1327.075
2021-07-15,SA1,742.611
2021-07-15,TAS1,27.937
2021-07-15,VIC1,1037.628
2021-07-16,NSW1,1476.169
2021-07-16,QLD1,1316.582
2021-07-16,SA1,583.975
2021-07-16,TAS1,37.087
2021-07-16,VIC1,675.162
2021-07-17,NSW1,1789.996
2021-07-17,QLD1,2219.644
2021-07-17,SA1,584.878
2021-07-17,TAS1,70.268
2021-07-17,VIC1,586.884
2021-07-18,NSW1,1887.773
2021-07-18,QLD1,2214.294
2021-07-18,SA1,550.458
2021-07-18,TAS1,87.972
2021-07-18,VIC1,862.907
2021-07-19,NSW1,1573.533
2021-07-19,QLD1,2119.98
2021-07-19,SA1,613.721
2021-07-19,TAS1,51.471
2021-07-19,VIC1,646.615
2021-07-20,NSW1,1442.867
2021-07-20,QLD1,2195.568
2021-07-20,SA1,770.266
2021-07-20,TAS1,28.851
2021-07-20,VIC1,327.31
2021-07-21,NSW1,1962.832
2021-07-21,QLD1,2236.442
2021-07-21,SA1,667.095
2021-07-21,TAS1,84.96
2021-07-21,VIC1,972.272
2021-07-22,NSW1,2038.83
2021-07-22,QLD1,2186.731
2021-07-22,SA1,206.136
2021-07-22,TAS1,70.466
2021-07-22,VIC1,706.07
2021-07-23,NSW1,1316.001
2021-07-23,QLD1,1472.762
2021-07-23,SA1,508.285
2021-07-23,TAS1,63.149
2021-07-23,VIC1,683.388
2021-07-24,NSW1,1607.729
2021-07-24,QLD1,2142.29
2021-07-24,SA1,462.62
2021-07-24,TAS1,46.311
2021-07-24,VIC1,847.242
2021-07-25,NSW1,1928.749
2021-07-25,QLD1,2217.812
2021-07-25,SA1,473.571
2021-07-25,TAS1,67.887
2021-07-25,VIC1,940.137
2021-07-26,NSW1,1727.532
2021-07-26,QLD1,2244.678
2021-07-26,SA1,807.019
2021-07-26,TAS1,55.243
2021-07-26,VIC1,730.017
2021-07-27,NSW1,1940.396
2021-07-27,QLD1,2188.032
2021-07-27,SA1,783.93
2021-07-27,TAS1,58.644
2021-07-27,VIC1,1069.593
2021-07-28,NSW1,1705.315
2021-07-28,QLD1,2140.108
2021-07-28,SA1,714.403
2021-07-28,TAS1,55.635
2021-07-28,VIC1,1115.837
2021-07-29,NSW1,2154.613
2021-07-29,QLD1,2235.914
2021-07-29,SA1,887.102
2021-07-29,TAS1,84.106
2021-07-29,VIC1,1215.258
2021-07-30,NSW1,2195.365
2021-07-30,QLD1,2194.71
2021-07-30,SA1,441.806
2021-07-30,TAS1,62.457
2021-07-30,VIC1,1287.74
2021-07-31,NSW1,1772.992
2021-07-31,QLD1,2152.154
2021-07-31,SA1,336.444
2021-07-31,TAS1,67.391
2021-07-31,VIC1,1323.358
2021-08-01,NSW1,1590.975
2021-08-01,QLD1,2144.306
2021-08-01,SA1,786.523
2021-08-01,TAS1,92.943
2021-08-01,VIC1,1398.537
2021-08-02,NSW1,1906.92
2021-08-02,QLD1,1925.082
2021-08-02,SA1,372.581
2021-08-02,TAS1,77.437
2021-08-02,VIC1,1440.588
2021-08-03,NSW1,1825.141
2021-08-03,QLD1,1815.054
2021-08-03,SA1,773.673
2021-08-03,TAS1,64.251
2021-08-03,VIC1,1023.714
2021-08-04,NSW1,2084.504
2021-08-04,QLD1,2384.924
2021-08-04,SA1,706.114
2021-08-04,TAS1,88.135
2021-08-04,VIC1,1026.072
2021-08-05,NSW1,2008.527
2021-08-05,QLD1,2420.778
2021-08-05,SA1,518.046
2021-08-05,TAS1,52.838
2021-08-05,VIC1,958.02
2021-08-06,NSW1,2051.42
2021-08-06,QLD1,2318.961
2021-08-06,SA1,694.024
2021-08-06,TAS1,86.617
2021-08-06,VIC1,697.807
2021-08-07,NSW1,2046.753
2021-08-07,QLD1,2229.587
2021-08-07,SA1,538.905
2021-08-07,TAS1,72.871
2021-08-07,VIC1,789.463
2021-08-08,NSW1,1311.603
2021-08-08,QLD1,2208.259
2021-08-08,SA1,856.985
2021-08-08,TAS1,89.517
2021-08-08,VIC1,1249.042
2021-08-09,NSW1,1829.13
2021-08-09,QLD1,1564.162
2021-08-09,SA1,930.71
2021-08-09,TAS1,73.185
2021-08-09,VIC1,934.391
2021-08-10,NSW1,2155.426
2021-08-10,QLD1,1736.199
2021-08-10,SA1,502.406
2021-08-10,TAS1,103.488
2021-08-10,VIC1,1445.878
2021-08-11,NSW1,2116.65
2021-08-11,QLD1,1802.045
2021-08-11,SA1,656.798
2021-08-11,TAS1,26.295
2021-08-11,VIC1,794.802
2021-08-12,NSW1,2195.555
2021-08-12,QLD1,2166.988
2021-08-12,SA1,718.523
2021-08-12,TAS1,90.522
2021-08-12,VIC1,1168.474
2021-08-13,NSW1,2149.122
2021-08-13,QLD1,2182.511
2021-08-13,SA1,737.763
2021-08-13,TAS1,66.752
2021-08-13,VIC1,1373.92
2021-08-14,NSW1,2184.792
2021-08-14,QLD1,1972.628
2021-08-14,SA1,942.407
2021-08-14,TAS1,76.331
2021-08-14,VIC1,1352.49
2021-08-15,NSW1,2317.38
2021-08-15,QLD1,2162.741
2021-08-15,SA1,952.755
2021-08-15,TAS1,59.43
2021-08-15,VIC1,1547.412
2021-08-16,NSW1,2202.87
2021-08-16,QLD1,2246.917
2021-08-16,SA1,643.287
2021-08-16,TAS1,100.078
2021-08-16,VIC1,995.194
2021-08-17,NSW1,2295.158
2021-08-17,QLD1,2483.67
2021-08-17,SA1,653.153
2021-08-17,TAS1,112.407
2021-08-17,VIC1,925.698
2021-08-18,NSW1,2118.911
2021-08-18,QLD1,1376.812
2021-08-18,SA1,932.298
2021-08-18,TAS1,86.944
2021-08-18,VIC1,942.54
2021-08-19,NSW1,2202.491
2021-08-19,QLD1,2079.731
2021-08-19,SA1,954.392
2021-08-19,TAS1,103.577
2021-08-19,VIC1,1442.872
2021-08-20,NSW1,2311.034
2021-08-20,QLD1,2334.133
2021-08-20,SA1,882.96
2021-08-20,TAS1,41.183
2021-08-20,VIC1,840.267
2021-08-21,NSW1,2025.628
2021-08-21,QLD1,2338.786
2021-08-21,SA1,898.036
2021-08-21,TAS1,98.87
2021-08-21,VIC1,1493.832
2021-08-22,NSW1,2389.344
2021-08-22,QLD1,2272.185
2021-08-22,SA1,926.67
2021-08-22,TAS1,88.826
2021-08-22,VIC1,1651.48
2021-08-23,NSW1,1492.994
2021-08-23,QLD1,2352.288
2021-08-23,SA1,846.711
2021-08-23,TAS1,81.137
2021-08-23,VIC1,998.426
2021-08-24,NSW1,979.482
2021-08-24,QLD1,2489.498
2021-08-24,SA1,782.135
2021-08-24,TAS1,123.063
2021-08-24,VIC1,1381.172
2021-08-25,NSW1,1967.605
2021-08-25,QLD1,2649.822
2021-08-25,SA1,644.861
2021-08-25,TAS1,99.025
2021-08-25,VIC1,1100.611
2021-08-26,NSW1,2376.249
2021-08-26,QLD1,2520.21
2021-08-26,SA1,750.597
2021-08-26,TAS1,52.553
2021-08-26,VIC1,1044.633
2021-08-27,NSW1,2163.539
2021-08-27,QLD1,2608.607
2021-08-27,SA1,1046.457
2021-08-27,TAS1,55.682
2021-08-27,VIC1,1101.605
2021-08-28,NSW1,2135.589
2021-08-28,QLD1,2431.929
2021-08-28,SA1,889.66
2021-08-28,TAS1,62.38
2021-08-28,VIC1,1671.231
2021-08-29,NSW1,1739.881
2021-08-29,QLD1,2149.021
2021-08-29,SA1,853.899
2021-08-29,TAS1,42.876
2021-08-29,VIC1,1030.738
2021-08-30,NSW1,2384.741
2021-08-30,QLD1,2488.05
2021-08-30,SA1,1000.46
2021-08-30,TAS1,94.741
2021-08-30,VIC1,1657.661
2021-08-31,NSW1,2466.506
2021-08-31,QLD1,1899.338
2021-08-31,SA1,1012.691
2021-08-31,TAS1,40.222
2021-08-31,VIC1,1185.912
2021-09-01,NSW1,2490.582
2021-09-01,QLD1,2448.437
2021-09-01,SA1,1033.443
2021-09-01,TAS1,117.907
2021-09-01,VIC1,1707.071
2021-09-02,NSW1,2202.053
2021-09-02,QLD1,2141.002
2021-09-02,SA1,1021.824
2021-09-02,TAS1,123.541
2021-09-02,VIC1,1741.759
2021-09-03,NSW1,2304.152
2021-09-03,QLD1,2102.798
2021-09-03,SA1,796.011
2021-09-03,TAS1,16.932
2021-09-03,VIC1,691.696
2021-09-04,NSW1,1311.519
2021-09-04,QLD1,1985.253
2021-09-04,SA1,847.328
2021-09-04,TAS1,113.69
2021-09-04,VIC1,1187.135
2021-09-05,NSW1,2042.454
2021-09-05,QLD1,1904.025
2021-09-05,SA1,899.702
2021-09-05,TAS1,111.051
2021-09-05,VIC1,1384.933
2021-09-06,NSW1,2639.516
2021-09-06,QLD1,2527.858
2021-09-06,SA1,865.913
2021-09-06,TAS1,127.963
2021-09-06,VIC1,1646.159
2021-09-07,NSW1,2690.608
2021-09-07,QLD1,2696.93
2021-09-07,SA1,962.305
2021-09-07,TAS1,119.429
2021-09-07,VIC1,1114.677
2021-09-08,NSW1,2551.657
2021-09-08,QLD1,2532.251
2021-09-08,SA1,1094.656
2021-09-08,TAS1,113.086
2021-09-08,VIC1,1820.687
2021-09-09,NSW1,2634.006
2021-09-09,QLD1,2451.615
2021-09-09,SA1,1117.869
2021-09-09,TAS1,63.852
2021-09-09,VIC1,1773.214
2021-09-10,NSW1,2372.815
2021-09-10,QLD1,2660.585
2021-09-10,SA1,1091.137
2021-09-10,TAS1,95.648
2021-09-10,VIC1,1299.058
2021-09-11,NSW1,2690.614
2021-09-11,QLD1,2593.352
2021-09-11,SA1,856.9
2021-09-11,TAS1,95.673
2021-09-11,VIC1,931.685
2021-09-12,NSW1,2500.633
2021-09-12,QLD1,2403.608
2021-09-12,SA1,814.759
2021-09-12,TAS1,115.647
2021-09-12,VIC1,1472.413
2021-09-13,NSW1,1869.207
2021-09-13,QLD1,2578.403
2021-09-13,SA1,822.272
2021-09-13,TAS1,116.943
2021-09-13,VIC1,1627.462
2021-09-14,NSW1,1996.634
2021-09-14,QLD1,2818.451
2021-09-14,SA1,861.6
2021-09-14,TAS1,128.385
2021-09-14,VIC1,1599.336
2021-09-15,NSW1,2400.216
2021-09-15,QLD1,2778.128
2021-09-15,SA1,1091.746
2021-09-15,TAS1,68.992
2021-09-15,VIC1,1605.846
2021-09-16,NSW1,2095.494
2021-09-16,QLD1,2561.471
2021-09-16,SA1,1123.854
2021-09-16,TAS1,106.861
2021-09-16,VIC1,1711.458
2021-09-17,NSW1,2694.353
2021-09-17,QLD1,2395.527
2021-09-17,SA1,1094.1
2021-09-17,TAS1,93.476
2021-09-17,VIC1,1436.566
2021-09-18,NSW1,1594.051
2021-09-18,QLD1,2565.736
2021-09-18,SA1,938.142
2021-09-18,TAS1,115.632
2021-09-18,VIC1,1472.125
2021-09-19,NSW1,2762.771
2021-09-19,QLD1,2609.383
2021-09-19,SA1,1063.83
2021-09-19,TAS1,99.386
2021-09-19,VIC1,1261.965
2021-09-20,NSW1,2584.668
2021-09-20,QLD1,2683.447
2021-09-20,SA1,864.768
2021-09-20,TAS1,116.743
2021-09-20,VIC1,1331.75
2021-09-21,NSW1,2253.176
2021-09-21,QLD1,2799.287
2021-09-21,SA1,712.426
2021-09-21,TAS1,94.075
2021-09-21,VIC1,1436.257
2021-09-22,NSW1,2657.492
2021-09-22,QLD1,2816.538
2021-09-22,SA1,696.651
2021-09-22,TAS1,138.03
2021-09-22,VIC1,1279.311
2021-09-23,NSW1,2748.431
2021-09-23,QLD1,2691.966
2021-09-23,SA1,1143.715
2021-09-23,TAS1,88.803
2021-09-23,VIC1,1886.446
2021-09-24,NSW1,2699.475
2021-09-24,QLD1,2687.516
2021-09-24,SA1,995.805
2021-09-24,TAS1,105.894
2021-09-24,VIC1,1506.162
2021-09-25,NSW1,2667.188
2021-09-25,QLD1,2612.712
2021-09-25,SA1,749.994
2021-09-25,TAS1,116.957
2021-09-25,VIC1,1468.624
2021-09-26,NSW1,1889.269
2021-09-26,QLD1,2211.784
2021-09-26,SA1,1176.653
2021-09-26,TAS1,135.46
2021-09-26,VIC1,1966.408
2021-09-27,NSW1,2080.825
2021-09-27,QLD1,1511.272
2021-09-27,SA1,1125.901
2021-09-27,TAS1,127.41
2021-09-27,VIC1,1920.051
2021-09-28,NSW1,2498.428
2021-09-28,QLD1,1744.529
2021-09-28,SA1,521.341
2021-09-28,TAS1,101.057
2021-09-28,VIC1,1756.481
2021-09-29,NSW1,1099.394
2021-09-29,QLD1,1754.05
2021-09-29,SA1,1008.299
2021-09-29,TAS1,117.733
2021-09-29,VIC1,1110.984
2021-09-30,NSW1,1883.951
2021-09-30,QLD1,2118.77
2021-09-30,SA1,330.9
2021-09-30,TAS1,81.435
2021-09-30,VIC1,721.129
2021-10-01,NSW1,2349.572
2021-10-01,QLD1,2211.647
2021-10-01,SA1,625.855
2021-10-01,TAS1,87.012
2021-10-01,VIC1,1403.452
2021-10-02,NSW1,2261.952
2021-10-02,QLD1,2703.01
2021-10-02,SA1,1170.957
2021-10-02,TAS1,91.653
2021-10-02,VIC1,1194.714
2021-10-03,NSW1,2403.894
2021-10-03,QLD1,2773.273
2021-10-03,SA1,929.016
2021-10-03,TAS1,114.433
2021-10-03,VIC1,1672.672
2021-10-04,NSW1,2674.492
2021-10-04,QLD1,2801.515
2021-10-04,SA1,892.914
2021-10-04,TAS1,81.568
2021-10-04,VIC1,1366.577
2021-10-05,NSW1,2845.462
2021-10-05,QLD1,2945.227
2021-10-05,SA1,1193.717
2021-10-05,TAS1,95.038
2021-10-05,VIC1,1291.114
2021-10-06,NSW1,2959.751
2021-10-06,QLD1,2930.851
2021-10-06,SA1,1046.386
2021-10-06,TAS1,132.921
2021-10-06,VIC1,2060.62
2021-10-07,NSW1,2706.334
2021-10-07,QLD1,2790.831
2021-10-07,SA1,1167.593
2021-10-07,TAS1,134.512
2021-10-07,VIC1,1744.865
2021-10-08,NSW1,2567.888
2021-10-08,QLD1,2834.028
2021-10-08,SA1,1237.983
2021-10-08,TAS1,113.525
2021-10-08,VIC1,1923.724
2021-10-09,NSW1,2845.514
2021-10-09,QLD1,2791.093
2021-10-09,SA1,938.752
2021-10-09,TAS1,129.494
2021-10-09,VIC1,1810.784
2021-10-10,NSW1,2231.878
2021-10-10,QLD1,2836.06
2021-10-10,SA1,963.813
2021-10-10,TAS1,131.637
2021-10-10,VIC1,1631.575
2021-10-11,NSW1,1349.956
2021-10-11,QLD1,2635.538
2021-10-11,SA1,1106.991
2021-10-11,TAS1,126.194
2021-10-11,VIC1,1631.852
2021-10-12,NSW1,1277.076
2021-10-12,QLD1,1588.502
2021-10-12,SA1,1228.818
2021-10-12,TAS1,104.71
2021-10-12,VIC1,1992.012
2021-10-13,NSW1,1243.335
2021-10-13,QLD1,2178.779
2021-10-13,SA1,917.98
2021-10-13,TAS1,82.955
2021-10-13,VIC1,1336.701
2021-10-14,NSW1,2266.39
2021-10-14,QLD1,1973.191
2021-10-14,SA1,773.422
2021-10-14,TAS1,38.358
2021-10-14,VIC1,1845.883
2021-10-15,NSW1,2595.144
2021-10-15,QLD1,2655.432
2021-10-15,SA1,1093.224
2021-10-15,TAS1,93.389
2021-10-15,VIC1,1480.709
2021-10-16,NSW1,2613.047
2021-10-16,QLD1,2960.666
2021-10-16,SA1,718.499
2021-10-16,TAS1,119.159
2021-10-16,VIC1,1286.794
2021-10-17,NSW1,3001.716
2021-10-17,QLD1,2864.525
2021-10-17,SA1,1217.397
2021-10-17,TAS1,136.58
2021-10-17,VIC1,1532.797
2021-10-18,NSW1,2841.878
2021-10-18,QLD1,2014.988
2021-10-18,SA1,1178.298
2021-10-18,TAS1,112.449
2021-10-18,VIC1,1014.21
2021-10-19,NSW1,2671.565
2021-10-19,QLD1,2893.727
2021-10-19,SA1,1253.172
2021-10-19,TAS1,128.973
2021-10-19,VIC1,1622.746
2021-10-20,NSW1,2522.542
2021-10-20,QLD1,2824.246
2021-10-20,SA1,742.472
2021-10-20,TAS1,118.619
2021-10-20,VIC1,2069.469
2021-10-21,NSW1,2196.978
2021-10-21,QLD1,2288.014
2021-10-21,SA1,1189.715
2021-10-21,TAS1,110.676
2021-10-21,VIC1,1835.274
2021-10-22,NSW1,2527.407
2021-10-22,QLD1,2408.431
2021-10-22,SA1,1163.713
2021-10-22,TAS1,52.892
2021-10-22,VIC1,1761.991
2021-10-23,NSW1,2839.559
2021-10-23,QLD1,2749.66
2021-10-23,SA1,1199.342
2021-10-23,TAS1,38.809
2021-10-23,VIC1,1150.967
2021-10-24,NSW1,2776.355
2021-10-24,QLD1,2780.551
2021-10-24,SA1,923.157
2021-10-24,TAS1,114.109
2021-10-24,VIC1,1681.69
2021-10-25,NSW1,2759.941
2021-10-25,QLD1,2206.172
2021-10-25,SA1,1250.198
2021-10-25,TAS1,96.506
2021-10-25,VIC1,1707.905
2021-10-26,NSW1,2801.604
2021-10-26,QLD1,2333.874
2021-10-26,SA1,1253.876
2021-10-26,TAS1,150.18
2021-10-26,VIC1,2124.518
2021-10-27,NSW1,2995.963
2021-10-27,QLD1,2603.235
2021-10-27,SA1,996.479
2021-10-27,TAS1,154.556
2021-10-27,VIC1,2182.862
2021-10-28,NSW1,2671.763
2021-10-28,QLD1,3063.233
2021-10-28,SA1,1008.329
2021-10-28,TAS1,121.43
2021-10-28,VIC1,1789.207
2021-10-29,NSW1,2438.247
2021-10-29,QLD1,1987.746
2021-10-29,SA1,978.876
2021-10-29,TAS1,39.142
2021-10-29,VIC1,1627.302
2021-10-30,NSW1,2755.352
2021-10-30,QLD1,2852.541
2021-10-30,SA1,1066.895
2021-10-30,TAS1,120.721
2021-10-30,VIC1,1716.616
2021-10-31,NSW1,2708.681
2021-10-31,QLD1,2317.712
2021-10-31,SA1,1214.841
2021-10-31,TAS1,97.042
2021-10-31,VIC1,2194.144
2021-11-01,NSW1,2314.28
2021-11-01,QLD1,2360.808
2021-11-01,SA1,1268.66
2021-11-01,TAS1,120.668
2021-11-01,VIC1,2127.744
2021-11-02,NSW1,2550.883
2021-11-02,QLD1,2126.021
2021-11-02,SA1,1043.994
2021-11-02,TAS1,149.444
2021-11-02,VIC1,2181.327
2021-11-03,NSW1,2720.925
2021-11-03,QLD1,2209.718
2021-11-03,SA1,1083.716
2021-11-03,TAS1,53.235
2021-11-03,VIC1,970.634
2021-11-04,NSW1,1141.645
2021-11-04,QLD1,2630.308
2021-11-04,SA1,1301.249
2021-11-04,TAS1,153.504
2021-11-04,VIC1,2107.037
2021-11-05,NSW1,1607.18
2021-11-05,QLD1,2151.568
2021-11-05,SA1,1254.952
2021-11-05,TAS1,135.711
2021-11-05,VIC1,1851.845
2021-11-06,NSW1,2696.966
2021-11-06,QLD1,2359.941
2021-11-06,SA1,966.391
2021-11-06,TAS1,95.876
2021-11-06,VIC1,1657.95
2021-11-07,NSW1,1604.293
2021-11-07,QLD1,1996.403
2021-11-07,SA1,1010.944
2021-11-07,TAS1,126.352
2021-11-07,VIC1,1326.845
2021-11-08,NSW1,2482.055
2021-11-08,QLD1,2417.473
2021-11-08,SA1,1167.911
2021-11-08,TAS1,135.557
2021-11-08,VIC1,1720.275
2021-11-09,NSW1,2727.221
2021-11-09,QLD1,2373.5
2021-11-09,SA1,1219.315
2021-11-09,TAS1,125.393
2021-11-09,VIC1,2072.47
2021-11-10,NSW1,1123.051
2021-11-10,QLD1,2234.354
2021-11-10,SA1,1247.362
2021-11-10,TAS1,81.747
2021-11-10,VIC1,1236.782
2021-11-11,NSW1,1398.643
2021-11-11,QLD1,1807.47
2021-11-11,SA1,364.848
2021-11-11,TAS1,117.917
2021-11-11,VIC1,1777.302
2021-11-12,NSW1,2184.592
2021-11-12,QLD1,1850.44
2021-11-12,SA1,795.248
2021-11-12,TAS1,83.616
2021-11-12,VIC1,544.614
2021-11-13,NSW1,2004.48
2021-11-13,QLD1,3091.204
2021-11-13,SA1,1103.11
2021-11-13,TAS1,96.435
2021-11-13,VIC1,1334.242
2021-11-14,NSW1,2644.612
2021-11-14,QLD1,3027.811
2021-11-14,SA1,1009.293
2021-11-14,TAS1,109.049
2021-11-14,VIC1,1634.397
2021-11-15,NSW1,2920.016
2021-11-15,QLD1,3053.542
2021-11-15,SA1,944.669
2021-11-15,TAS1,130.643
2021-11-15,VIC1,1612.249
2021-11-16,NSW1,2939.327
2021-11-16,QLD1,2842.786
2021-11-16,SA1,1170.647
2021-11-16,TAS1,113.252
2021-11-16,VIC1,1263.32
2021-11-17,NSW1,2663.004
2021-11-17,QLD1,2367.174
2021-11-17,SA1,1141.876
2021-11-17,TAS1,136.202
2021-11-17,VIC1,2161.782
2021-11-18,NSW1,2911.747
2021-11-18,QLD1,2613.458
2021-11-18,SA1,940.572
2021-11-18,TAS1,50.685
2021-11-18,VIC1,1626.774
2021-11-19,NSW1,2220.472
2021-11-19,QLD1,2912.179
2021-11-19,SA1,448.097
2021-11-19,TAS1,128.479
2021-11-19,VIC1,1573.349
2021-11-20,NSW1,1174.215
2021-11-20,QLD1,3046.436
2021-11-20,SA1,735.936
2021-11-20,TAS1,121.858
2021-11-20,VIC1,1767.22
2021-11-21,NSW1,977.001
2021-11-21,QLD1,1975.047
2021-11-21,SA1,1232.187
2021-11-21,TAS1,123.323
2021-11-21,VIC1,1994.266
2021-11-22,NSW1,2082.705
2021-11-22,QLD1,1988.902
2021-11-22,SA1,1283.162
2021-11-22,TAS1,158.055
2021-11-22,VIC1,2231.861
2021-11-23,NSW1,1996.273
2021-11-23,QLD1,2267.916
2021-11-23,SA1,658.103
2021-11-23,TAS1,138.729
2021-11-23,VIC1,1556.425
2021-11-24,NSW1,2049.428
2021-11-24,QLD1,2321.014
2021-11-24,SA1,735.887
2021-11-24,TAS1,115.942
2021-11-24,VIC1,1642.679
2021-11-25,NSW1,1663.178
2021-11-25,QLD1,1222.231
2021-11-25,SA1,1225.252
2021-11-25,TAS1,120.099
2021-11-25,VIC1,487.857
2021-11-26,NSW1,1163.129
2021-11-26,QLD1,2156.798
2021-11-26,SA1,1240.107
2021-11-26,TAS1,139.063
2021-11-26,VIC1,1631.867
2021-11-27,NSW1,1553.019
2021-11-27,QLD1,2024.915
2021-11-27,SA1,1253.005
2021-11-27,TAS1,153.674
2021-11-27,VIC1,2129.291
2021-11-28,NSW1,1832.902
2021-11-28,QLD1,2346.552
2021-11-28,SA1,1246.614
2021-11-28,TAS1,161.895
2021-11-28,VIC1,2302.558
2021-11-29,NSW1,2390.051
2021-11-29,QLD1,1899.132
2021-11-29,SA1,1304.646
2021-11-29,TAS1,161.953
2021-11-29,VIC1,2252.379
2021-11-30,NSW1,1691.452
2021-11-30,QLD1,1323.694
2021-11-30,SA1,1261.602
2021-11-30,TAS1,161.318
2021-11-30,VIC1,2178.319
2021-12-01,NSW1,2141.087
2021-12-01,QLD1,1448.204
2021-12-01,SA1,1221.054
2021-12-01,TAS1,141.828
2021-12-01,VIC1,1928.56
2021-12-02,NSW1,2814.686
2021-12-02,QLD1,2441.464
2021-12-02,SA1,1331.886
2021-12-02,TAS1,151.924
2021-12-02,VIC1,2056.946
2021-12-03,NSW1,3010.573
2021-12-03,QLD1,2721.208
2021-12-03,SA1,1303.047
2021-12-03,TAS1,144.737
2021-12-03,VIC1,2054.708
2021-12-04,NSW1,2065.223
2021-12-04,QLD1,3056.074
2021-12-04,SA1,1210.937
2021-12-04,TAS1,141.9
2021-12-04,VIC1,1702.681
2021-12-05,NSW1,1553.73
2021-12-05,QLD1,2713.42
2021-12-05,SA1,1130.765
2021-12-05,TAS1,130.083
2021-12-05,VIC1,2039.756
2021-12-06,NSW1,1685.015
2021-12-06,QLD1,2797.451
2021-12-06,SA1,1312.144
2021-12-06,TAS1,94.58
2021-12-06,VIC1,2105.09
2021-12-07,NSW1,2715.711
2021-12-07,QLD1,2454.716
2021-12-07,SA1,1235.326
2021-12-07,TAS1,109.396
2021-12-07,VIC1,955.506
2021-12-08,NSW1,1778.583
2021-12-08,QLD1,2357.318
2021-12-08,SA1,1032.843
2021-12-08,TAS1,130.05
2021-12-08,VIC1,1859.662
2021-12-09,NSW1,2557.373
2021-12-09,QLD1,3109.808
2021-12-09,SA1,1016.369
2021-12-09,TAS1,151.823
2021-12-09,VIC1,962.953
2021-12-10,NSW1,2068.813
2021-12-10,QLD1,2602.296
2021-12-10,SA1,1292.701
2021-12-10,TAS1,93.651
2021-12-10,VIC1,1645.605
2021-12-11,NSW1,2271.756
2021-12-11,QLD1,3173.589
2021-12-11,SA1,1256.134
2021-12-11,TAS1,123.111
2021-12-11,VIC1,1797.496
2021-12-12,NSW1,2567.144
2021-12-12,QLD1,2751.713
2021-12-12,SA1,1217.834
2021-12-12,TAS1,133.502
2021-12-12,VIC1,2287.002
2021-12-13,NSW1,3221.95
2021-12-13,QLD1,2614.978
2021-12-13,SA1,552.171
2021-12-13,TAS1,158.492
2021-12-13,VIC1,2111.536
2021-12-14,NSW1,3122.917
2021-12-14,QLD1,3133.787
2021-12-14,SA1,1325.613
2021-12-14,TAS1,151.961
2021-12-14,VIC1,2261.479
2021-12-15,NSW1,3046.826
2021-12-15,QLD1,3104.161
2021-12-15,SA1,1313.964
2021-12-15,TAS1,142.301
2021-12-15,VIC1,703.182
2021-12-16,NSW1,2316.744
2021-12-16,QLD1,2926.147
2021-12-16,SA1,1325.36
2021-12-16,TAS1,134.744
2021-12-16,VIC1,2380.099
2021-12-17,NSW1,2549.231
2021-12-17,QLD1,2784.973
2021-12-17,SA1,1265.553
2021-12-17,TAS1,161.817
2021-12-17,VIC1,2305.132
2021-12-18,NSW1,2973.031
2021-12-18,QLD1,2774.926
2021-12-18,SA1,1262.917
2021-12-18,TAS1,157.648
2021-12-18,VIC1,2166.124
2021-12-19,NSW1,2226.912
2021-12-19,QLD1,2921.303
2021-12-19,SA1,1213.346
2021-12-19,TAS1,107.66
2021-12-19,VIC1,1270.097
2021-12-20,NSW1,3064.733
2021-12-20,QLD1,3057.477
2021-12-20,SA1,1347.776
2021-12-20,TAS1,105.575
2021-12-20,VIC1,2379.256
2021-12-21,NSW1,3208.207
2021-12-21,QLD1,2872.992
2021-12-21,SA1,1337.147
2021-12-21,TAS1,141.798
2021-12-21,VIC1,2314.483
2021-12-22,NSW1,2755.588
2021-12-22,QLD1,3121.48
2021-12-22,SA1,1316.477
2021-12-22,TAS1,145.55
2021-12-22,VIC1,1891.465
2021-12-23,NSW1,2119.691
2021-12-23,QLD1,2751.298
2021-12-23,SA1,1257.696
2021-12-23,TAS1,141.937
2021-12-23,VIC1,2223.377
2021-12-24,NSW1,2776.51
2021-12-24,QLD1,2552.473
2021-12-24,SA1,1258.838
2021-12-24,TAS1,139.69
2021-12-24,VIC1,2304.107
2021-12-25,NSW1,2950.25
2021-12-25,QLD1,2223.031
2021-12-25,SA1,1208.705
2021-12-25,TAS1,164.938
2021-12-25,VIC1,2027.064
2021-12-26,NSW1,2528.193
2021-12-26,QLD1,2093.335
2021-12-26,SA1,1232.789
2021-12-26,TAS1,134.156
2021-12-26,VIC1,1544.742
2021-12-27,NSW1,2190.514
2021-12-27,QLD1,1949.554
2021-12-27,SA1,1271.295
2021-12-27,TAS1,157.206
2021-12-27,VIC1,1936.361
2021-12-28,NSW1,2115.016
2021-12-28,QLD1,1716.337
2021-12-28,SA1,1260.544
2021-12-28,TAS1,161.859
2021-12-28,VIC1,2320.063
2021-12-29,NSW1,2402.753
2021-12-29,QLD1,2041.174
2021-12-29,SA1,1141.495
2021-12-29,TAS1,162.981
2021-12-29,VIC1,2317.347
2022-01-05,NSW1,0.0
2022-01-05,QLD1,0.0
2022-01-05,SA1,0.0
2022-01-05,TAS1,0.0
2022-01-05,VIC1,0.0
2022-01-06,NSW1,2084.876
2022-01-06,QLD1,2137.069
2022-01-06,SA1,838.394
2022-01-06,TAS1,32.115
2022-01-06,VIC1,1480.228
2022-01-07,NSW1,1914.915
2022-01-07,QLD1,1637.599
2022-01-07,SA1,688.279
2022-01-07,TAS1,89.676
2022-01-07,VIC1,1455.86
2022-01-08,NSW1,2587.636
2022-01-08,QLD1,1493.237
2022-01-08,SA1,787.326
2022-01-08,TAS1,115.799
2022-01-08,VIC1,1406.094
2022-01-09,NSW1,1531.905
2022-01-09,QLD1,2389.116
2022-01-09,SA1,1201.606
2022-01-09,TAS1,105.21
2022-01-09,VIC1,2175.62
2022-01-10,NSW1,2364.78
2022-01-10,QLD1,2734.019
2022-01-10,SA1,958.39
2022-01-10,TAS1,97.424
2022-01-10,VIC1,2221.947
2022-01-11,NSW1,1886.613
2022-01-11,QLD1,2598.408
2022-01-11,SA1,1204.821
2022-01-11,TAS1,150.693
2022-01-11,VIC1,2137.358
2022-01-12,NSW1,2256.11
2022-01-12,QLD1,2752.312
2022-01-12,SA1,1170.673
2022-01-12,TAS1,124.512
2022-01-12,VIC1,2043.906
2022-01-13,NSW1,2232.42
2022-01-13,QLD1,2893.999
2022-01-13,SA1,1321.321
2022-01-13,TAS1,101.454
2022-01-13,VIC1,2125.281
2022-01-14,NSW1,2593.619
2022-01-14,QLD1,2656.748
2022-01-14,SA1,1172.152
2022-01-14,TAS1,73.14
2022-01-14,VIC1,1850.563
2022-01-15,NSW1,2430.136
2022-01-15,QLD1,2775.896
2022-01-15,SA1,1210.357
2022-01-15,TAS1,125.428
2022-01-15,VIC1,1685.071
2022-01-16,NSW1,2714.917
2022-01-16,QLD1,2834.386
2022-01-16,SA1,1127.626
2022-01-16,TAS1,134.868
2022-01-16,VIC1,2253.379
2022-01-17,NSW1,2602.267
2022-01-17,QLD1,2736.823
2022-01-17,SA1,1161.867
2022-01-17,TAS1,148.027
2022-01-17,VIC1,1789.762
2022-01-18,NSW1,1447.734
2022-01-18,QLD1,2643.095
2022-01-18,SA1,1169.453
2022-01-18,TAS1,106.376
2022-01-18,VIC1,1779.18
2022-01-19,NSW1,1555.025
2022-01-19,QLD1,2591.046
2022-01-19,SA1,1289.113
2022-01-19,TAS1,154.916
2022-01-19,VIC1,2248.322
2022-01-20,NSW1,2143.32
2022-01-20,QLD1,1911.488
2022-01-20,SA1,1301.064
2022-01-20,TAS1,154.862
2022-01-20,VIC1,2352.872
2022-01-21,NSW1,2297.671
2022-01-21,QLD1,2442.527
2022-01-21,SA1,971.073
2022-01-21,TAS1,160.546
2022-01-21,VIC1,2302.713
2022-01-22,NSW1,2679.604
2022-01-22,QLD1,2379.269
2022-01-22,SA1,352.113
2022-01-22,TAS1,160.281
2022-01-22,VIC1,2282.073
2022-01-23,NSW1,2532.925
2022-01-23,QLD1,2339.135
2022-01-23,SA1,353.268
2022-01-23,TAS1,158.736
2022-01-23,VIC1,2197.707
2022-01-24,NSW1,2284.708
2022-01-24,QLD1,2590.522
2022-01-24,SA1,914.841
2022-01-24,TAS1,155.974
2022-01-24,VIC1,2144.254
2022-01-25,NSW1,2166.609
2022-01-25,QLD1,2285.917
2022-01-25,SA1,1055.267
2022-01-25,TAS1,116.745
2022-01-25,VIC1,2141.01
2022-01-26,NSW1,2361.229
2022-01-26,QLD1,1534.789
2022-01-26,SA1,1159.842
2022-01-26,TAS1,56.032
2022-01-26,VIC1,2078.351
2022-01-27,NSW1,2480.329
2022-01-27,QLD1,2111.781
2022-01-27,SA1,1246.033
2022-01-27,TAS1,73.205
2022-01-27,VIC1,1877.245
2022-01-28,NSW1,2696.038
2022-01-28,QLD1,2512.87
2022-01-28,SA1,1201.96
2022-01-28,TAS1,70.115
2022-01-28,VIC1,1658.622
2022-01-29,NSW1,2693.114
2022-01-29,QLD1,2564.772
2022-01-29,SA1,1224.659
2022-01-29,TAS1,121.397
2022-01-29,VIC1,1336.53
2022-01-30,NSW1,2412.698
2022-01-30,QLD1,2484.93
2022-01-30,SA1,1179.801
2022-01-30,TAS1,159.409
2022-01-30,VIC1,1790.704
2022-01-31,NSW1,2772.056
2022-01-31,QLD1,2634.832
2022-01-31,SA1,1151.139
2022-01-31,TAS1,145.178
2022-01-31,VIC1,2033.477
2022-02-01,NSW1,2765.148
2022-02-01,QLD1,3040.852
2022-02-01,SA1,1136.535
2022-02-01,TAS1,149.351
2022-02-01,VIC1,1752.682
2022-02-02,NSW1,1297.014
2022-02-02,QLD1,2305.435
2022-02-02,SA1,1271.969
2022-02-02,TAS1,111.962
2022-02-02,VIC1,1758.511
2022-02-03,NSW1,2263.316
2022-02-03,QLD1,2042.657
2022-02-03,SA1,1307.825
2022-02-03,TAS1,128.447
2022-02-03,VIC1,1335.746
2022-02-04,NSW1,2355.664
2022-02-04,QLD1,2428.609
2022-02-04,SA1,1332.032
2022-02-04,TAS1,157.112
2022-02-04,VIC1,2047.99
2022-02-05,NSW1,2512.401
2022-02-05,QLD1,2418.262
2022-02-05,SA1,1143.206
2022-02-05,TAS1,126.481
2022-02-05,VIC1,2110.878
2022-02-06,NSW1,2388.235
2022-02-06,QLD1,2272.681
2022-02-06,SA1,1134.007
2022-02-06,TAS1,161.589
2022-02-06,VIC1,2205.571
2022-02-07,NSW1,2332.795
2022-02-07,QLD1,2694.966
2022-02-07,SA1,1176.089
2022-02-07,TAS1,156.204
2022-02-07,VIC1,2306.188
2022-02-08,NSW1,2578.642
2022-02-08,QLD1,2841.874
2022-02-08,SA1,861.264
2022-02-08,TAS1,137.672
2022-02-08,VIC1,2231.079
2022-02-09,NSW1,3064.1
2022-02-09,QLD1,2946.397
2022-02-09,SA1,1125.123
2022-02-09,TAS1,136.401
2022-02-09,VIC1,1778.658
2022-02-10,NSW1,3035.074
2022-02-10,QLD1,3189.749
2022-02-10,SA1,1344.374
2022-02-10,TAS1,112.39
2022-02-10,VIC1,1851.064
2022-02-11,NSW1,2107.245
2022-02-11,QLD1,2894.091
2022-02-11,SA1,1342.512
2022-02-11,TAS1,130.978
2022-02-11,VIC1,2119.582
2022-02-12,NSW1,2059.877
2022-02-12,QLD1,2344.592
2022-02-12,SA1,1244.317
2022-02-12,TAS1,149.57
2022-02-12,VIC1,2118.329
2022-02-13,NSW1,2487.672
2022-02-13,QLD1,2673.895
2022-02-13,SA1,1049.46
2022-02-13,TAS1,101.621
2022-02-13,VIC1,2139.318
2022-02-14,NSW1,2772.713
2022-02-14,QLD1,2185.115
2022-02-14,SA1,1271.016
2022-02-14,TAS1,111.389
2022-02-14,VIC1,2234.82
2022-02-15,NSW1,2823.962
2022-02-15,QLD1,2028.959
2022-02-15,SA1,905.936
2022-02-15,TAS1,147.204
2022-02-15,VIC1,2197.12
2022-02-16,NSW1,2859.247
2022-02-16,QLD1,2489.075
2022-02-16,SA1,808.08
2022-02-16,TAS1,77.537
2022-02-16,VIC1,1728.988
2022-02-19,NSW1,965.148
2022-02-19,QLD1,1386.727
2022-02-19,SA1,1019.983
2022-02-19,TAS1,105.441
2022-02-19,VIC1,1627.648
2022-02-20,NSW1,3060.095
2022-02-20,QLD1,2139.763
2022-02-20,SA1,546.432
2022-02-20,TAS1,119.359
2022-02-20,VIC1,1896.6
2022-02-21,NSW1,2748.436
2022-02-21,QLD1,2269.406
2022-02-21,SA1,716.261
2022-02-21,TAS1,108.17
2022-02-21,VIC1,1698.364
2022-02-22,NSW1,1229.658
2022-02-22,QLD1,2484.813
2022-02-22,SA1,1321.735
2022-02-22,TAS1,148.404
2022-02-22,VIC1,2285.672
2022-02-23,NSW1,1643.518
2022-02-23,QLD1,2058.92
2022-02-23,SA1,1234.615
2022-02-23,TAS1,70.04
2022-02-23,VIC1,2133.883
2022-02-24,NSW1,1250.362
2022-02-24,QLD1,1733.727
2022-02-24,SA1,1269.126
2022-02-24,TAS1,144.706
2022-02-24,VIC1,1560.746
2022-02-25,NSW1,1344.893
2022-02-25,QLD1,958.957
2022-02-25,SA1,1295.79
2022-02-25,TAS1,115.915
2022-02-25,VIC1,1938.232
2022-02-26,NSW1,1191.132
2022-02-26,QLD1,1034.341
2022-02-26,SA1,1125.391
2022-02-26,TAS1,118.625
2022-02-26,VIC1,1639.235
2022-02-27,NSW1,1812.402
2022-02-27,QLD1,1188.811
2022-02-27,SA1,900.091
2022-02-27,TAS1,87.462
2022-02-27,VIC1,1767.581
2022-02-28,NSW1,1234.266
2022-02-28,QLD1,2106.859
2022-02-28,SA1,907.679
2022-02-28,TAS1,78.375
2022-02-28,VIC1,1392.025
2022-03-01,NSW1,1532.391
2022-03-01,QLD1,2403.288
2022-03-01,SA1,1028.992
2022-03-01,TAS1,88.038
2022-03-01,VIC1,934.274
2022-03-02,NSW1,1175.175
2022-03-02,QLD1,2639.017
2022-03-02,SA1,1229.676
2022-03-02,TAS1,86.793
2022-03-02,VIC1,1545.678
2022-03-03,NSW1,2131.766
2022-03-03,QLD1,2583.476
2022-03-03,SA1,1194.595
2022-03-03,TAS1,124.368
2022-03-03,VIC1,2152.212
2022-03-04,NSW1,2368.845
2022-03-04,QLD1,2292.437
2022-03-04,SA1,639.572
2022-03-04,TAS1,86.703
2022-03-04,VIC1,1749.597
2022-03-05,NSW1,1833.817
2022-03-05,QLD1,2677.468
2022-03-05,SA1,1042.942
2022-03-05,TAS1,99.525
2022-03-05,VIC1,974.519
